This is pdfTeX, Version 3.141592653-2.6-1.40.29 (TeX Live 2026) (preloaded format=pdflatex 2026.5.14)  6 JUN 2026 01:38
entering extended mode
 restricted \write18 enabled.
 %&-line parsing enabled.
**template.tex
(./template.tex
LaTeX2e <2025-11-01>
L3 programming layer <2026-03-20>
(./Definitions/mdpi.cls
Document Class: Definitions/mdpi 02/12/2025 MDPI paper class
(/home/vnadendla/.TinyTeX/texmf-dist/tex/latex/base/article.cls
Document Class: article 2025/01/22 v1.4n Standard LaTeX document class
(/home/vnadendla/.TinyTeX/texmf-dist/tex/latex/base/size10.clo
File: size10.clo 2025/01/22 v1.4n Standard LaTeX file (size option)
)
\c@part=\count275
\c@section=\count276
\c@subsection=\count277
\c@subsubsection=\count278
\c@paragraph=\count279
\c@subparagraph=\count280
\c@figure=\count281
\c@table=\count282
\abovecaptionskip=\skip49
\belowcaptionskip=\skip50
\bibindent=\dimen150
) (/home/vnadendla/.TinyTeX/texmf-dist/tex/latex/base/fontenc.sty
Package: fontenc 2025/07/18 v2.1d Standard LaTeX package
) (/home/vnadendla/.TinyTeX/texmf-dist/tex/latex/base/inputenc.sty
Package: inputenc 2024/02/08 v1.3d Input encoding file
\inpenc@prehook=\toks17
\inpenc@posthook=\toks18
) (/home/vnadendla/.TinyTeX/texmf-dist/tex/latex/tools/calc.sty
Package: calc 2025/03/01 v4.3b Infix arithmetic (KKT,FJ)
\calc@Acount=\count283
\calc@Bcount=\count284
\calc@Adimen=\dimen151
\calc@Bdimen=\dimen152
\calc@Askip=\skip51
\calc@Bskip=\skip52
LaTeX Info: Redefining \setlength on input line 86.
LaTeX Info: Redefining \addtolength on input line 87.
\calc@Ccount=\count285
\calc@Cskip=\skip53
) (/home/vnadendla/.TinyTeX/texmf-dist/tex/latex/tools/indentfirst.sty
Package: indentfirst 2023/07/02 v1.03 Indent first paragraph (DPC)
) (/home/vnadendla/.TinyTeX/texmf-dist/tex/latex/fancyhdr/fancyhdr.sty
Package: fancyhdr 2025/02/07 v5.2 Extensive control of page headers and footers
\f@nch@headwidth=\skip54
\f@nch@offset@elh=\skip55
\f@nch@offset@erh=\skip56
\f@nch@offset@olh=\skip57
\f@nch@offset@orh=\skip58
\f@nch@offset@elf=\skip59
\f@nch@offset@erf=\skip60
\f@nch@offset@olf=\skip61
\f@nch@offset@orf=\skip62
\f@nch@height=\skip63
\f@nch@footalignment=\skip64
\f@nch@widthL=\skip65
\f@nch@widthC=\skip66
\f@nch@widthR=\skip67
\@temptokenb=\toks19
) (/home/vnadendla/.TinyTeX/texmf-dist/tex/latex/graphics/graphicx.sty
Package: graphicx 2024/12/31 v1.2e Enhanced LaTeX Graphics (DPC,SPQR)
 (/home/vnadendla/.TinyTeX/texmf-dist/tex/latex/graphics/keyval.sty
Package: keyval 2022/05/29 v1.15 key=value parser (DPC)
\KV@toks@=\toks20
) (/home/vnadendla/.TinyTeX/texmf-dist/tex/latex/graphics/graphics.sty
Package: graphics 2024/08/06 v1.4g Standard LaTeX Graphics (DPC,SPQR)
 (/home/vnadendla/.TinyTeX/texmf-dist/tex/latex/graphics/trig.sty
Package: trig 2023/12/02 v1.11 sin cos tan (DPC)
) (/home/vnadendla/.TinyTeX/texmf-dist/tex/latex/graphics-cfg/graphics.cfg
File: graphics.cfg 2016/06/04 v1.11 sample graphics configuration
)
Package graphics Info: Driver file: pdftex.def on input line 106.
 (/home/vnadendla/.TinyTeX/texmf-dist/tex/latex/graphics-def/pdftex.def
File: pdftex.def 2025/09/29 v1.2d Graphics/color driver for pdftex
))
\Gin@req@height=\dimen153
\Gin@req@width=\dimen154
) (/home/vnadendla/.TinyTeX/texmf-dist/tex/latex/epstopdf-pkg/epstopdf.sty
Package: epstopdf 2020-01-24 v2.11 Conversion with epstopdf on the fly (HO)
 (/home/vnadendla/.TinyTeX/texmf-dist/tex/generic/infwarerr/infwarerr.sty
Package: infwarerr 2019/12/03 v1.5 Providing info/warning/error messages (HO)
) (/home/vnadendla/.TinyTeX/texmf-dist/tex/latex/grfext/grfext.sty
Package: grfext 2019/12/03 v1.3 Manage graphics extensions (HO)
 (/home/vnadendla/.TinyTeX/texmf-dist/tex/generic/kvdefinekeys/kvdefinekeys.sty
Package: kvdefinekeys 2019-12-19 v1.6 Define keys (HO)
)) (/home/vnadendla/.TinyTeX/texmf-dist/tex/latex/kvoptions/kvoptions.sty
Package: kvoptions 2022-06-15 v3.15 Key value format for package options (HO)
 (/home/vnadendla/.TinyTeX/texmf-dist/tex/generic/ltxcmds/ltxcmds.sty
Package: ltxcmds 2023-12-04 v1.26 LaTeX kernel commands for general use (HO)
) (/home/vnadendla/.TinyTeX/texmf-dist/tex/latex/kvsetkeys/kvsetkeys.sty
Package: kvsetkeys 2022-10-05 v1.19 Key value parser (HO)
)) (/home/vnadendla/.TinyTeX/texmf-dist/tex/generic/pdftexcmds/pdftexcmds.sty
Package: pdftexcmds 2020-06-27 v0.33 Utility functions of pdfTeX for LuaTeX (HO)
 (/home/vnadendla/.TinyTeX/texmf-dist/tex/generic/iftex/iftex.sty
Package: iftex 2024/12/12 v1.0g TeX engine tests
)
Package pdftexcmds Info: \pdf@primitive is available.
Package pdftexcmds Info: \pdf@ifprimitive is available.
Package pdftexcmds Info: \pdfdraftmode found.
) (/home/vnadendla/.TinyTeX/texmf-dist/tex/latex/epstopdf-pkg/epstopdf-base.sty
Package: epstopdf-base 2020-01-24 v2.11 Base part for package epstopdf
Package epstopdf-base Info: Redefining graphics rule for `.eps' on input line 485.
Package grfext Info: Graphics extension search list:
(grfext)             [.pdf,.png,.jpg,.mps,.jpeg,.jbig2,.jb2,.PDF,.PNG,.JPG,.JPEG,.JBIG2,.JB2,.eps]
(grfext)             \AppendGraphicsExtensions on input line 504.
 (/home/vnadendla/.TinyTeX/texmf-dist/tex/latex/latexconfig/epstopdf-sys.cfg
File: epstopdf-sys.cfg 2010/07/13 v1.3 Configuration of (r)epstopdf for TeX Live
))) (/home/vnadendla/.TinyTeX/texmf-dist/tex/latex/lastpage/lastpage.sty
Package: lastpage 2025/08/14 v2.1h lastpage: 2.09 or 2e? (HMM)
 (/home/vnadendla/.TinyTeX/texmf-dist/tex/latex/lastpage/lastpage2e.sty
Package: lastpage2e 2025/08/14 v2.1h Decide which 2e lastpage version to use (HMM)
 (/home/vnadendla/.TinyTeX/texmf-dist/tex/latex/lastpage/lastpagemodern.sty
Package: lastpagemodern 2025-08-14 v2.1h Refers to last page's name (HMM; JPG)
\c@lastpagecount=\count286
) 
)) (/home/vnadendla/.TinyTeX/texmf-dist/tex/latex/base/ifthen.sty
Package: ifthen 2024/03/16 v1.1e Standard LaTeX ifthen package (DPC)
) (/home/vnadendla/.TinyTeX/texmf-dist/tex/latex/float/float.sty
Package: float 2001/11/08 v1.3d Float enhancements (AL)
\c@float@type=\count287
\float@exts=\toks21
\float@box=\box53
\@float@everytoks=\toks22
\@floatcapt=\box54
) (/home/vnadendla/.TinyTeX/texmf-dist/tex/latex/amsmath/amsmath.sty
Package: amsmath 2025/07/09 v2.17z AMS math features
\@mathmargin=\skip68

For additional information on amsmath, use the `?' option.
(/home/vnadendla/.TinyTeX/texmf-dist/tex/latex/amsmath/amstext.sty
Package: amstext 2024/11/17 v2.01 AMS text
 (/home/vnadendla/.TinyTeX/texmf-dist/tex/latex/amsmath/amsgen.sty
File: amsgen.sty 1999/11/30 v2.0 generic functions
\@emptytoks=\toks23
\ex@=\dimen155
)) (/home/vnadendla/.TinyTeX/texmf-dist/tex/latex/amsmath/amsbsy.sty
Package: amsbsy 1999/11/29 v1.2d Bold Symbols
\pmbraise@=\dimen156
) (/home/vnadendla/.TinyTeX/texmf-dist/tex/latex/amsmath/amsopn.sty
Package: amsopn 2022/04/08 v2.04 operator names
)
\inf@bad=\count288
LaTeX Info: Redefining \frac on input line 233.
\uproot@=\count289
\leftroot@=\count290
LaTeX Info: Redefining \overline on input line 398.
LaTeX Info: Redefining \colon on input line 409.
\classnum@=\count291
\DOTSCASE@=\count292
LaTeX Info: Redefining \ldots on input line 495.
LaTeX Info: Redefining \dots on input line 498.
LaTeX Info: Redefining \cdots on input line 619.
\Mathstrutbox@=\box55
\strutbox@=\box56
LaTeX Info: Redefining \big on input line 721.
LaTeX Info: Redefining \Big on input line 722.
LaTeX Info: Redefining \bigg on input line 723.
LaTeX Info: Redefining \Bigg on input line 724.
\big@size=\dimen157
LaTeX Font Info:    Redeclaring font encoding OML on input line 742.
LaTeX Font Info:    Redeclaring font encoding OMS on input line 743.
\macc@depth=\count293
LaTeX Info: Redefining \bmod on input line 904.
LaTeX Info: Redefining \pmod on input line 909.
LaTeX Info: Redefining \smash on input line 939.
LaTeX Info: Redefining \relbar on input line 969.
LaTeX Info: Redefining \Relbar on input line 970.
\c@MaxMatrixCols=\count294
\dotsspace@=\muskip17
\c@parentequation=\count295
\dspbrk@lvl=\count296
\tag@help=\toks24
\row@=\count297
\column@=\count298
\maxfields@=\count299
\andhelp@=\toks25
\eqnshift@=\dimen158
\alignsep@=\dimen159
\tagshift@=\dimen160
\tagwidth@=\dimen161
\totwidth@=\dimen162
\lineht@=\dimen163
\@envbody=\toks26
\multlinegap=\skip69
\multlinetaggap=\skip70
\mathdisplay@stack=\toks27
LaTeX Info: Redefining \[ on input line 2950.
LaTeX Info: Redefining \] on input line 2951.
) (/home/vnadendla/.TinyTeX/texmf-dist/tex/latex/amsfonts/amssymb.sty
Package: amssymb 2013/01/14 v3.01 AMS font symbols
 (/home/vnadendla/.TinyTeX/texmf-dist/tex/latex/amsfonts/amsfonts.sty
Package: amsfonts 2013/01/14 v3.01 Basic AMSFonts support
\symAMSa=\mathgroup4
\symAMSb=\mathgroup5
LaTeX Font Info:    Redeclaring math symbol \hbar on input line 98.
LaTeX Font Info:    Overwriting math alphabet `\mathfrak' in version `bold'
(Font)                  U/euf/m/n --> U/euf/b/n on input line 106.
)) (/home/vnadendla/.TinyTeX/texmf-dist/tex/latex/lineno/lineno.sty
Package: lineno 2026/03/08 line numbers on paragraphs v5.9
 (/home/vnadendla/.TinyTeX/texmf-dist/tex/latex/etoolbox/etoolbox.sty
Package: etoolbox 2025/10/02 v2.5m e-TeX tools for LaTeX (JAW)
\etb@tempcnta=\count300
)
\linenopenalty=\count301
\output=\toks28
\linenoprevgraf=\count302
\linenumbersep=\dimen164
\linenumberwidth=\dimen165
\c@linenumber=\count303
\c@pagewiselinenumber=\count304
\c@LN@truepage=\count305
\c@internallinenumber=\count306
\c@internallinenumbers=\count307
\quotelinenumbersep=\dimen166
\bframerule=\dimen167
\bframesep=\dimen168
\bframebox=\box57
\@LN@amsmath@ams@eqpen=\count308
) (/home/vnadendla/.TinyTeX/texmf-dist/tex/latex/setspace/setspace.sty
Package: setspace 2022/12/04 v6.7b set line spacing
) (/home/vnadendla/.TinyTeX/texmf-dist/tex/latex/enumitem/enumitem.sty
Package: enumitem 2025/02/06 v3.11 Customized lists
\labelindent=\skip71
\enit@outerparindent=\dimen169
\enit@toks=\toks29
\enit@inbox=\box58
\enit@count@id=\count309
\enitdp@description=\count310
) (/home/vnadendla/.TinyTeX/texmf-dist/tex/latex/psnfss/mathpazo.sty
Package: mathpazo 2020/03/25 PSNFSS-v9.3 Palatino w/ Pazo Math (D.Puga, WaS) 
\symupright=\mathgroup6
) (/home/vnadendla/.TinyTeX/texmf-dist/tex/latex/booktabs/booktabs.sty
Package: booktabs 2020/01/12 v1.61803398 Publication quality tables
\heavyrulewidth=\dimen170
\lightrulewidth=\dimen171
\cmidrulewidth=\dimen172
\belowrulesep=\dimen173
\belowbottomsep=\dimen174
\aboverulesep=\dimen175
\abovetopsep=\dimen176
\cmidrulesep=\dimen177
\cmidrulekern=\dimen178
\defaultaddspace=\dimen179
\@cmidla=\count311
\@cmidlb=\count312
\@aboverulesep=\dimen180
\@belowrulesep=\dimen181
\@thisruleclass=\count313
\@lastruleclass=\count314
\@thisrulewidth=\dimen182
) (/home/vnadendla/.TinyTeX/texmf-dist/tex/latex/titlesec/titlesec.sty
Package: titlesec 2025/01/04 v2.17 Sectioning titles
\ttl@box=\box59
\beforetitleunit=\skip72
\aftertitleunit=\skip73
\ttl@plus=\dimen183
\ttl@minus=\dimen184
\ttl@toksa=\toks30
\titlewidth=\dimen185
\titlewidthlast=\dimen186
\titlewidthfirst=\dimen187
) (/home/vnadendla/.TinyTeX/texmf-dist/tex/latex/tabto-ltx/tabto.sty
Package: tabto 2018/12/28  v 1.4  Another tabbing mechanism
\CurrentLineWidth=\dimen188
\TabPrevPos=\dimen189
) (/home/vnadendla/.TinyTeX/texmf-dist/tex/latex/xcolor/xcolor.sty
Package: xcolor 2024/09/29 v3.02 LaTeX color extensions (UK)
 (/home/vnadendla/.TinyTeX/texmf-dist/tex/latex/graphics-cfg/color.cfg
File: color.cfg 2016/01/02 v1.6 sample color configuration
)
Package xcolor Info: Driver file: pdftex.def on input line 274.
 (/home/vnadendla/.TinyTeX/texmf-dist/tex/latex/graphics/mathcolor.ltx)
Package xcolor Info: Model `cmy' substituted by `cmy0' on input line 1349.
Package xcolor Info: Model `hsb' substituted by `rgb' on input line 1353.
Package xcolor Info: Model `RGB' extended on input line 1365.
Package xcolor Info: Model `HTML' substituted by `rgb' on input line 1367.
Package xcolor Info: Model `Hsb' substituted by `hsb' on input line 1368.
Package xcolor Info: Model `tHsb' substituted by `hsb' on input line 1369.
Package xcolor Info: Model `HSB' substituted by `hsb' on input line 1370.
Package xcolor Info: Model `Gray' substituted by `gray' on input line 1371.
Package xcolor Info: Model `wave' substituted by `hsb' on input line 1372.
) (/home/vnadendla/.TinyTeX/texmf-dist/tex/latex/colortbl/colortbl.sty
Package: colortbl 2026/05/01 v1.0l Color table columns (DPC)
 (/home/vnadendla/.TinyTeX/texmf-dist/tex/latex/tools/array.sty
Package: array 2025/09/25 v2.6n Tabular extension package (FMi)
\col@sep=\dimen190
\ar@mcellbox=\box60
\extrarowheight=\dimen191
\NC@list=\toks31
\extratabsurround=\skip74
\backup@length=\skip75
\ar@cellbox=\box61
)
\everycr=\toks32
\minrowclearance=\skip76
\rownum=\count315
) (/home/vnadendla/.TinyTeX/texmf-dist/tex/generic/soul/soul.sty
Package: soul 2026-03-06 v3.2 Permit use of UTF-8 characters in soul (HO)
 (/home/vnadendla/.TinyTeX/texmf-dist/tex/generic/soul/soul-ori.sty
Package: soul-ori 2026-03-06 v3.2 letterspacing/underlining (mf)
\SOUL@word=\toks33
\SOUL@lasttoken=\toks34
\SOUL@syllable=\toks35
\SOUL@cmds=\toks36
\SOUL@buffer=\toks37
\SOUL@token=\toks38
\SOUL@syllgoal=\dimen192
\SOUL@syllwidth=\dimen193
\SOUL@charkern=\dimen194
\SOUL@hyphkern=\dimen195
\SOUL@dimen=\dimen196
\SOUL@dimeni=\dimen197
\SOUL@minus=\count316
\SOUL@comma=\count317
\SOUL@apo=\count318
\SOUL@grave=\count319
\SOUL@spaceskip=\skip77
\SOUL@ttwidth=\dimen198
\SOUL@uldp=\dimen199
\SOUL@ulht=\dimen256
) (/home/vnadendla/.TinyTeX/texmf-dist/tex/generic/etexcmds/etexcmds.sty
Package: etexcmds 2019/12/15 v1.7 Avoid name clashes with e-TeX commands (HO)
)) (/home/vnadendla/.TinyTeX/texmf-dist/tex/latex/multirow/multirow.sty
Package: multirow 2024/11/12 v2.9 Span multiple rows of a table
\multirow@colwidth=\skip78
\multirow@cntb=\count320
\multirow@dima=\skip79
\bigstrutjot=\dimen257
) (/home/vnadendla/.TinyTeX/texmf-dist/tex/latex/microtype/microtype.sty
Package: microtype 2026/03/01 v3.2d Micro-typographical refinements (RS)
\MT@toks=\toks39
\MT@tempbox=\box62
\MT@count=\count321
LaTeX Info: Redefining \noprotrusionifhmode on input line 1084.
LaTeX Info: Redefining \leftprotrusion on input line 1085.
\MT@prot@toks=\toks40
LaTeX Info: Redefining \rightprotrusion on input line 1104.
LaTeX Info: Redefining \textls on input line 1449.
\MT@outer@kern=\dimen258
LaTeX Info: Redefining \microtypecontext on input line 2053.
LaTeX Info: Redefining \textmicrotypecontext on input line 2070.
\MT@listname@count=\count322
 (/home/vnadendla/.TinyTeX/texmf-dist/tex/latex/microtype/microtype-pdftex.def
File: microtype-pdftex.def 2026/03/01 v3.2d Definitions specific to pdftex (RS)
LaTeX Info: Redefining \lsstyle on input line 944.
LaTeX Info: Redefining \lslig on input line 944.
\MT@outer@space=\skip80
)
Package microtype Info: Loading configuration file microtype.cfg.
 (/home/vnadendla/.TinyTeX/texmf-dist/tex/latex/microtype/microtype.cfg
File: microtype.cfg 2026/03/01 v3.2d microtype main configuration file (RS)
)
LaTeX Info: Redefining \microtypesetup on input line 3065.
) (/home/vnadendla/.TinyTeX/texmf-dist/tex/latex/pgf/frontendlayer/tikz.sty (/home/vnadendla/.TinyTeX/texmf-dist/tex/latex/pgf/basiclayer/pgf.sty (/home/vnadendla/.TinyTeX/texmf-dist/tex/latex/pgf/utilities/pgfrcs.sty (/home/vnadendla/.TinyTeX/texmf-dist/tex/generic/pgf/utilities/pgfutil-common.tex
\pgfutil@everybye=\toks41
\pgfutil@tempdima=\dimen259
\pgfutil@tempdimb=\dimen260
) (/home/vnadendla/.TinyTeX/texmf-dist/tex/generic/pgf/utilities/pgfutil-latex.def
\pgfutil@abb=\box63
) (/home/vnadendla/.TinyTeX/texmf-dist/tex/generic/pgf/utilities/pgfrcs.code.tex (/home/vnadendla/.TinyTeX/texmf-dist/tex/generic/pgf/pgf.revision.tex)
Package: pgfrcs 2025-08-29 v3.1.11a (3.1.11a)
))
Package: pgf 2025-08-29 v3.1.11a (3.1.11a)
 (/home/vnadendla/.TinyTeX/texmf-dist/tex/latex/pgf/basiclayer/pgfcore.sty (/home/vnadendla/.TinyTeX/texmf-dist/tex/latex/pgf/systemlayer/pgfsys.sty (/home/vnadendla/.TinyTeX/texmf-dist/tex/generic/pgf/systemlayer/pgfsys.code.tex
Package: pgfsys 2025-08-29 v3.1.11a (3.1.11a)
 (/home/vnadendla/.TinyTeX/texmf-dist/tex/generic/pgf/utilities/pgfkeys.code.tex
\pgfkeys@pathtoks=\toks42
\pgfkeys@temptoks=\toks43
 (/home/vnadendla/.TinyTeX/texmf-dist/tex/generic/pgf/utilities/pgfkeyslibraryfiltered.code.tex
\pgfkeys@tmptoks=\toks44
))
\pgf@x=\dimen261
\pgf@y=\dimen262
\pgf@xa=\dimen263
\pgf@ya=\dimen264
\pgf@xb=\dimen265
\pgf@yb=\dimen266
\pgf@xc=\dimen267
\pgf@yc=\dimen268
\pgf@xd=\dimen269
\pgf@yd=\dimen270
\w@pgf@writea=\write3
\r@pgf@reada=\read2
\c@pgf@counta=\count323
\c@pgf@countb=\count324
\c@pgf@countc=\count325
\c@pgf@countd=\count326
\t@pgf@toka=\toks45
\t@pgf@tokb=\toks46
\t@pgf@tokc=\toks47
\pgf@sys@id@count=\count327
 (/home/vnadendla/.TinyTeX/texmf-dist/tex/generic/pgf/systemlayer/pgf.cfg
File: pgf.cfg 2025-08-29 v3.1.11a (3.1.11a)
)
Driver file for pgf: pgfsys-pdftex.def
 (/home/vnadendla/.TinyTeX/texmf-dist/tex/generic/pgf/systemlayer/pgfsys-pdftex.def
File: pgfsys-pdftex.def 2025-08-29 v3.1.11a (3.1.11a)
 (/home/vnadendla/.TinyTeX/texmf-dist/tex/generic/pgf/systemlayer/pgfsys-common-pdf.def
File: pgfsys-common-pdf.def 2025-08-29 v3.1.11a (3.1.11a)
))) (/home/vnadendla/.TinyTeX/texmf-dist/tex/generic/pgf/systemlayer/pgfsyssoftpath.code.tex
File: pgfsyssoftpath.code.tex 2025-08-29 v3.1.11a (3.1.11a)
\pgfsyssoftpath@smallbuffer@items=\count328
\pgfsyssoftpath@bigbuffer@items=\count329
) (/home/vnadendla/.TinyTeX/texmf-dist/tex/generic/pgf/systemlayer/pgfsysprotocol.code.tex
File: pgfsysprotocol.code.tex 2025-08-29 v3.1.11a (3.1.11a)
)) (/home/vnadendla/.TinyTeX/texmf-dist/tex/generic/pgf/basiclayer/pgfcore.code.tex
Package: pgfcore 2025-08-29 v3.1.11a (3.1.11a)
 (/home/vnadendla/.TinyTeX/texmf-dist/tex/generic/pgf/math/pgfmath.code.tex (/home/vnadendla/.TinyTeX/texmf-dist/tex/generic/pgf/math/pgfmathutil.code.tex) (/home/vnadendla/.TinyTeX/texmf-dist/tex/generic/pgf/math/pgfmathparser.code.tex
\pgfmath@dimen=\dimen271
\pgfmath@count=\count330
\pgfmath@box=\box64
\pgfmath@toks=\toks48
\pgfmath@stack@operand=\toks49
\pgfmath@stack@operation=\toks50
) (/home/vnadendla/.TinyTeX/texmf-dist/tex/generic/pgf/math/pgfmathfunctions.code.tex) (/home/vnadendla/.TinyTeX/texmf-dist/tex/generic/pgf/math/pgfmathfunctions.basic.code.tex) (/home/vnadendla/.TinyTeX/texmf-dist/tex/generic/pgf/math/pgfmathfunctions.trigonometric.code.tex) (/home/vnadendla/.TinyTeX/texmf-dist/tex/generic/pgf/math/pgfmathfunctions.random.code.tex) (/home/vnadendla/.TinyTeX/texmf-dist/tex/generic/pgf/math/pgfmathfunctions.comparison.code.tex) (/home/vnadendla/.TinyTeX/texmf-dist/tex/generic/pgf/math/pgfmathfunctions.base.code.tex) (/home/vnadendla/.TinyTeX/texmf-dist/tex/generic/pgf/math/pgfmathfunctions.round.code.tex) (/home/vnadendla/.TinyTeX/texmf-dist/tex/generic/pgf/math/pgfmathfunctions.misc.code.tex) (/home/vnadendla/.TinyTeX/texmf-dist/tex/generic/pgf/math/pgfmathfunctions.integerarithmetics.code.tex) (/home/vnadendla/.TinyTeX/texmf-dist/tex/generic/pgf/math/pgfmathcalc.code.tex) (/home/vnadendla/.TinyTeX/texmf-dist/tex/generic/pgf/math/pgfmathfloat.code.tex
\c@pgfmathroundto@lastzeros=\count331
)) (/home/vnadendla/.TinyTeX/texmf-dist/tex/generic/pgf/math/pgfint.code.tex) (/home/vnadendla/.TinyTeX/texmf-dist/tex/generic/pgf/basiclayer/pgfcorepoints.code.tex
File: pgfcorepoints.code.tex 2025-08-29 v3.1.11a (3.1.11a)
\pgf@picminx=\dimen272
\pgf@picmaxx=\dimen273
\pgf@picminy=\dimen274
\pgf@picmaxy=\dimen275
\pgf@pathminx=\dimen276
\pgf@pathmaxx=\dimen277
\pgf@pathminy=\dimen278
\pgf@pathmaxy=\dimen279
\pgf@xx=\dimen280
\pgf@xy=\dimen281
\pgf@yx=\dimen282
\pgf@yy=\dimen283
\pgf@zx=\dimen284
\pgf@zy=\dimen285
) (/home/vnadendla/.TinyTeX/texmf-dist/tex/generic/pgf/basiclayer/pgfcorepathconstruct.code.tex
File: pgfcorepathconstruct.code.tex 2025-08-29 v3.1.11a (3.1.11a)
\pgf@path@lastx=\dimen286
\pgf@path@lasty=\dimen287
) (/home/vnadendla/.TinyTeX/texmf-dist/tex/generic/pgf/basiclayer/pgfcorepathusage.code.tex
File: pgfcorepathusage.code.tex 2025-08-29 v3.1.11a (3.1.11a)
\pgf@shorten@end@additional=\dimen288
\pgf@shorten@start@additional=\dimen289
) (/home/vnadendla/.TinyTeX/texmf-dist/tex/generic/pgf/basiclayer/pgfcorescopes.code.tex
File: pgfcorescopes.code.tex 2025-08-29 v3.1.11a (3.1.11a)
\pgfpic=\box65
\pgf@hbox=\box66
\pgf@layerbox@main=\box67
\pgf@picture@serial@count=\count332
) (/home/vnadendla/.TinyTeX/texmf-dist/tex/generic/pgf/basiclayer/pgfcoregraphicstate.code.tex
File: pgfcoregraphicstate.code.tex 2025-08-29 v3.1.11a (3.1.11a)
\pgflinewidth=\dimen290
) (/home/vnadendla/.TinyTeX/texmf-dist/tex/generic/pgf/basiclayer/pgfcoretransformations.code.tex
File: pgfcoretransformations.code.tex 2025-08-29 v3.1.11a (3.1.11a)
\pgf@pt@x=\dimen291
\pgf@pt@y=\dimen292
\pgf@pt@temp=\dimen293
) (/home/vnadendla/.TinyTeX/texmf-dist/tex/generic/pgf/basiclayer/pgfcorequick.code.tex
File: pgfcorequick.code.tex 2025-08-29 v3.1.11a (3.1.11a)
) (/home/vnadendla/.TinyTeX/texmf-dist/tex/generic/pgf/basiclayer/pgfcoreobjects.code.tex
File: pgfcoreobjects.code.tex 2025-08-29 v3.1.11a (3.1.11a)
) (/home/vnadendla/.TinyTeX/texmf-dist/tex/generic/pgf/basiclayer/pgfcorepathprocessing.code.tex
File: pgfcorepathprocessing.code.tex 2025-08-29 v3.1.11a (3.1.11a)
) (/home/vnadendla/.TinyTeX/texmf-dist/tex/generic/pgf/basiclayer/pgfcorearrows.code.tex
File: pgfcorearrows.code.tex 2025-08-29 v3.1.11a (3.1.11a)
\pgfarrowsep=\dimen294
) (/home/vnadendla/.TinyTeX/texmf-dist/tex/generic/pgf/basiclayer/pgfcoreshade.code.tex
File: pgfcoreshade.code.tex 2025-08-29 v3.1.11a (3.1.11a)
\pgf@max=\dimen295
\pgf@sys@shading@range@num=\count333
\pgf@shadingcount=\count334
) (/home/vnadendla/.TinyTeX/texmf-dist/tex/generic/pgf/basiclayer/pgfcoreimage.code.tex
File: pgfcoreimage.code.tex 2025-08-29 v3.1.11a (3.1.11a)
) (/home/vnadendla/.TinyTeX/texmf-dist/tex/generic/pgf/basiclayer/pgfcoreexternal.code.tex
File: pgfcoreexternal.code.tex 2025-08-29 v3.1.11a (3.1.11a)
\pgfexternal@startupbox=\box68
) (/home/vnadendla/.TinyTeX/texmf-dist/tex/generic/pgf/basiclayer/pgfcorelayers.code.tex
File: pgfcorelayers.code.tex 2025-08-29 v3.1.11a (3.1.11a)
) (/home/vnadendla/.TinyTeX/texmf-dist/tex/generic/pgf/basiclayer/pgfcoretransparency.code.tex
File: pgfcoretransparency.code.tex 2025-08-29 v3.1.11a (3.1.11a)
) (/home/vnadendla/.TinyTeX/texmf-dist/tex/generic/pgf/basiclayer/pgfcorepatterns.code.tex
File: pgfcorepatterns.code.tex 2025-08-29 v3.1.11a (3.1.11a)
) (/home/vnadendla/.TinyTeX/texmf-dist/tex/generic/pgf/basiclayer/pgfcorerdf.code.tex
File: pgfcorerdf.code.tex 2025-08-29 v3.1.11a (3.1.11a)
))) (/home/vnadendla/.TinyTeX/texmf-dist/tex/generic/pgf/modules/pgfmoduleshapes.code.tex
File: pgfmoduleshapes.code.tex 2025-08-29 v3.1.11a (3.1.11a)
\pgfnodeparttextbox=\box69
) (/home/vnadendla/.TinyTeX/texmf-dist/tex/generic/pgf/modules/pgfmoduleplot.code.tex
File: pgfmoduleplot.code.tex 2025-08-29 v3.1.11a (3.1.11a)
) (/home/vnadendla/.TinyTeX/texmf-dist/tex/latex/pgf/compatibility/pgfcomp-version-0-65.sty
Package: pgfcomp-version-0-65 2025-08-29 v3.1.11a (3.1.11a)
\pgf@nodesepstart=\dimen296
\pgf@nodesepend=\dimen297
) (/home/vnadendla/.TinyTeX/texmf-dist/tex/latex/pgf/compatibility/pgfcomp-version-1-18.sty
Package: pgfcomp-version-1-18 2025-08-29 v3.1.11a (3.1.11a)
)) (/home/vnadendla/.TinyTeX/texmf-dist/tex/latex/pgf/utilities/pgffor.sty (/home/vnadendla/.TinyTeX/texmf-dist/tex/latex/pgf/utilities/pgfkeys.sty (/home/vnadendla/.TinyTeX/texmf-dist/tex/generic/pgf/utilities/pgfkeys.code.tex)) (/home/vnadendla/.TinyTeX/texmf-dist/tex/latex/pgf/math/pgfmath.sty (/home/vnadendla/.TinyTeX/texmf-dist/tex/generic/pgf/math/pgfmath.code.tex)) (/home/vnadendla/.TinyTeX/texmf-dist/tex/generic/pgf/utilities/pgffor.code.tex
Package: pgffor 2025-08-29 v3.1.11a (3.1.11a)
\pgffor@iter=\dimen298
\pgffor@skip=\dimen299
\pgffor@stack=\toks51
\pgffor@toks=\toks52
)) (/home/vnadendla/.TinyTeX/texmf-dist/tex/generic/pgf/frontendlayer/tikz/tikz.code.tex
Package: tikz 2025-08-29 v3.1.11a (3.1.11a)
 (/home/vnadendla/.TinyTeX/texmf-dist/tex/generic/pgf/libraries/pgflibraryplothandlers.code.tex
File: pgflibraryplothandlers.code.tex 2025-08-29 v3.1.11a (3.1.11a)
\pgf@plot@mark@count=\count335
\pgfplotmarksize=\dimen300
)
\tikz@lastx=\dimen301
\tikz@lasty=\dimen302
\tikz@lastxsaved=\dimen303
\tikz@lastysaved=\dimen304
\tikz@lastmovetox=\dimen305
\tikz@lastmovetoy=\dimen306
\tikzleveldistance=\dimen307
\tikzsiblingdistance=\dimen308
\tikz@figbox=\box70
\tikz@figbox@bg=\box71
\tikz@tempbox=\box72
\tikz@tempbox@bg=\box73
\tikztreelevel=\count336
\tikznumberofchildren=\count337
\tikznumberofcurrentchild=\count338
\tikz@fig@count=\count339
 (/home/vnadendla/.TinyTeX/texmf-dist/tex/generic/pgf/modules/pgfmodulematrix.code.tex
File: pgfmodulematrix.code.tex 2025-08-29 v3.1.11a (3.1.11a)
\pgfmatrixcurrentrow=\count340
\pgfmatrixcurrentcolumn=\count341
\pgf@matrix@numberofcolumns=\count342
)
\tikz@expandcount=\count343
 (/home/vnadendla/.TinyTeX/texmf-dist/tex/generic/pgf/frontendlayer/tikz/libraries/tikzlibrarytopaths.code.tex
File: tikzlibrarytopaths.code.tex 2025-08-29 v3.1.11a (3.1.11a)
))) (/home/vnadendla/.TinyTeX/texmf-dist/tex/latex/refcount/refcount.sty
Package: refcount 2019/12/15 v3.6 Data extraction from label references (HO)
) (/home/vnadendla/.TinyTeX/texmf-dist/tex/latex/changepage/changepage.sty
Package: changepage 2009/10/20 v1.0c check page and change page layout
\c@cp@cntr=\count344
\cp@tempcnt=\count345
) (/home/vnadendla/.TinyTeX/texmf-dist/tex/latex/frankenstein/attrib.sty
Package: attrib 2001/08/31 v1.3 attribution of block elements (Frankenstein's hat)
 (/home/vnadendla/.TinyTeX/texmf-dist/tex/latex/frankenstein/moredefs.sty
Package: moredefs 2001/08/31 v1.8 more defining commands (Frankenstein's brain)
\sc@toks@a=\toks53
\sc@toks@b=\toks54
)
\AttribMinSkip=\skip81
) (/home/vnadendla/.TinyTeX/texmf-dist/tex/latex/was/upgreek.sty
Package: upgreek 2003/02/12 v2.0 (WaS)
Package upgreek Info: Using Euler Roman for upright Greek on input line 31.
\symugrf@m=\mathgroup7
LaTeX Font Info:    Overwriting symbol font `ugrf@m' in version `bold'
(Font)                  U/eur/m/n --> U/eur/b/n on input line 38.
) (/home/vnadendla/.TinyTeX/texmf-dist/tex/latex/tools/tabularx.sty
Package: tabularx 2023/12/11 v2.12a `tabularx' package (DPC)
\TX@col@width=\dimen309
\TX@old@table=\dimen310
\TX@old@col=\dimen311
\TX@target=\dimen312
\TX@delta=\dimen313
\TX@cols=\count346
\TX@ftn=\toks55
) (/home/vnadendla/.TinyTeX/texmf-dist/tex/latex/pbox/pbox.sty
Package: pbox 2011/12/07 v1.2 Dynamic parboxes
\pb@xlen=\skip82
) (/home/vnadendla/.TinyTeX/texmf-dist/tex/latex/ragged2e/ragged2e.sty
Package: ragged2e 2023/06/22 v3.6 ragged2e Package
\CenteringLeftskip=\skip83
\RaggedLeftLeftskip=\skip84
\RaggedRightLeftskip=\skip85
\CenteringRightskip=\skip86
\RaggedLeftRightskip=\skip87
\RaggedRightRightskip=\skip88
\CenteringParfillskip=\skip89
\RaggedLeftParfillskip=\skip90
\RaggedRightParfillskip=\skip91
\JustifyingParfillskip=\skip92
\CenteringParindent=\skip93
\RaggedLeftParindent=\skip94
\RaggedRightParindent=\skip95
\JustifyingParindent=\skip96
) (/home/vnadendla/.TinyTeX/texmf-dist/tex/latex/tocloft/tocloft.sty
Package: tocloft 2017/08/31 v2.3i parameterised ToC, etc., typesetting
Package tocloft Info: The document has section divisions on input line 51.
\cftparskip=\skip97
\cftbeforetoctitleskip=\skip98
\cftaftertoctitleskip=\skip99
\cftbeforepartskip=\skip100
\cftpartnumwidth=\skip101
\cftpartindent=\skip102
\cftbeforesecskip=\skip103
\cftsecindent=\skip104
\cftsecnumwidth=\skip105
\cftbeforesubsecskip=\skip106
\cftsubsecindent=\skip107
\cftsubsecnumwidth=\skip108
\cftbeforesubsubsecskip=\skip109
\cftsubsubsecindent=\skip110
\cftsubsubsecnumwidth=\skip111
\cftbeforeparaskip=\skip112
\cftparaindent=\skip113
\cftparanumwidth=\skip114
\cftbeforesubparaskip=\skip115
\cftsubparaindent=\skip116
\cftsubparanumwidth=\skip117
\cftbeforeloftitleskip=\skip118
\cftafterloftitleskip=\skip119
\cftbeforefigskip=\skip120
\cftfigindent=\skip121
\cftfignumwidth=\skip122
\cftbeforelottitleskip=\skip123
\cftafterlottitleskip=\skip124
\cftbeforetabskip=\skip125
\cfttabindent=\skip126
\cfttabnumwidth=\skip127
\cftbeforesubfigskip=\skip128
\cftsubfigindent=\skip129
\cftsubfignumwidth=\skip130
\cftbeforesubtabskip=\skip131
\cftsubtabindent=\skip132
\cftsubtabnumwidth=\skip133
) (/home/vnadendla/.TinyTeX/texmf-dist/tex/latex/marginnote/marginnote.sty
Package: marginnote 2026/01/02 1.4d non floating margin notes for LaTeX 
\c@mn@abspage=\count347
) (/home/vnadendla/.TinyTeX/texmf-dist/tex/latex/marginfix/marginfix.sty
Package: marginfix 2020/05/06 v1.2 Fix Margin Paragraphs
\Mfx@inject@insert=\insert252
\Mfx@marginbox=\box74
\Mfx@marginpos@min=\dimen314
\Mfx@marginpos@max=\dimen315
\Mfx@marginspace=\dimen316
\Mfx@marginheight=\dimen317
\Mfx@piece@content=\box75
\Mfx@piece@count=\count348
\Mfx@mparshift=\dimen318
\marginheightadjustment=\dimen319
\marginposadjustment=\dimen320
\Mfx@strutheight=\dimen321
)
==> First Aid for marginfix.sty applied!
(/home/vnadendla/.TinyTeX/texmf-dist/tex/latex/enotez/enotez.sty (/home/vnadendla/.TinyTeX/texmf-dist/tex/latex/l3kernel/expl3.sty
Package: expl3 2026-03-20 L3 programming layer (loader) 
 (/home/vnadendla/.TinyTeX/texmf-dist/tex/latex/l3backend/l3backend-pdftex.def
File: l3backend-pdftex.def 2026-02-18 L3 backend support: PDF output (pdfTeX)
\l__color_backend_stack_int=\count349
)) (/home/vnadendla/.TinyTeX/texmf-dist/tex/latex/l3packages/xparse/xparse.sty
Package: xparse 2025-10-09 L3 Experimental document command parser
) (/home/vnadendla/.TinyTeX/texmf-dist/tex/latex/l3packages/l3keys2e/l3keys2e.sty
Package: l3keys2e 2025-10-09 LaTeX2e option processing using LaTeX3 keys
) (/home/vnadendla/.TinyTeX/texmf-dist/tex/latex/l3packages/xtemplate/xtemplate.sty
Package: xtemplate 2025-10-09 L3 Experimental prototype document functions
)
Package: enotez 2022/01/04 v0.10d Endnotes for LaTeX2e
\l__enotez_list_preamble_skip=\skip134
\l__enotez_list_postamble_skip=\skip135
\g__enotez_endnote_id_int=\count350
\g__enotez_endnote_mark_int=\count351
\c@endnote=\count352
\g__enotez_list_printed_int=\count353
\l__enotez_tmpa_int=\count354

LaTeX template Info: Declaring template type 'enotez-list' taking 1
(template)           argument(s) on line 473.

\l__enotez_list_notes_sep_dim=\dimen322
 (/home/vnadendla/.TinyTeX/texmf-dist/tex/latex/translations/translations.sty
Package: translations 2022/02/05 v1.12 internationalization of LaTeX2e packages (CN)
)) (/home/vnadendla/.TinyTeX/texmf-dist/tex/generic/xstring/xstring.sty (/home/vnadendla/.TinyTeX/texmf-dist/tex/generic/xstring/xstring.tex
\xs_counta=\count355
\xs_countb=\count356
)
Package: xstring 2023/08/22 v1.86 String manipulations (CT)
) (/home/vnadendla/.TinyTeX/texmf-dist/tex/latex/subfig/subfig.sty
Package: subfig 2005/06/28 ver: 1.3 subfig package
 (/home/vnadendla/.TinyTeX/texmf-dist/tex/latex/caption/caption.sty
Package: caption 2023/08/05 v3.6o Customizing captions (AR)
 (/home/vnadendla/.TinyTeX/texmf-dist/tex/latex/caption/caption3.sty
Package: caption3 2023/07/31 v2.4d caption3 kernel (AR)
\caption@tempdima=\dimen323
\captionmargin=\dimen324
\caption@leftmargin=\dimen325
\caption@rightmargin=\dimen326
\caption@width=\dimen327
\caption@indent=\dimen328
\caption@parindent=\dimen329
\caption@hangindent=\dimen330
Package caption Info: Standard document class detected.
)
\c@caption@flags=\count357
\c@continuedfloat=\count358
Package caption Info: changepage package is loaded.
\caption@adjustwidth@hsize=\dimen331
\caption@adjustwidth@linewidth=\dimen332
Package caption Info: float package is loaded.
)
\c@KVtest=\count359
\sf@farskip=\skip136
\sf@captopadj=\dimen333
\sf@capskip=\skip137
\sf@nearskip=\skip138
\c@subfigure=\count360
\c@subfigure@save=\count361
\c@lofdepth=\count362
\c@subtable=\count363
\c@subtable@save=\count364
\c@lotdepth=\count365
\sf@top=\skip139
\sf@bottom=\skip140
) (./Definitions/journalnames.tex) (/home/vnadendla/.TinyTeX/texmf-dist/tex/latex/amscls/amsthm.sty
Package: amsthm 2020/05/29 v2.20.6
\thm@style=\toks56
\thm@bodyfont=\toks57
\thm@headfont=\toks58
\thm@notefont=\toks59
\thm@headpunct=\toks60
\thm@preskip=\skip141
\thm@postskip=\skip142
\thm@headsep=\skip143
\dth@everypar=\toks61
)
\c@theorem=\count366
\c@lemma=\count367
\c@corollary=\count368
\c@proposition=\count369
\c@characterization=\count370
\c@property=\count371
\c@problem=\count372
\c@example=\count373
\c@examplesanddefinitions=\count374
\c@remark=\count375
\c@definition=\count376
\c@hypothesis=\count377
\c@notation=\count378
\c@assumption=\count379
\c@algorithm=\count380
 (/home/vnadendla/.TinyTeX/texmf-dist/tex/latex/natbib/natbib.sty
Package: natbib 2010/09/13 8.31b (PWD, AO)
\bibhang=\skip144
\bibsep=\skip145
LaTeX Info: Redefining \cite on input line 694.
\c@NAT@ctr=\count381
) (/home/vnadendla/.TinyTeX/texmf-dist/tex/latex/koma-script/scrextend.sty
Package: scrextend 2026/02/02 v3.49.2 KOMA-Script package (extend other classes with features of KOMA-Script classes)
 (/home/vnadendla/.TinyTeX/texmf-dist/tex/latex/koma-script/scrkbase.sty
Package: scrkbase 2026/02/02 v3.49.2 KOMA-Script package (KOMA-Script-dependent basics and keyval usage)
 (/home/vnadendla/.TinyTeX/texmf-dist/tex/latex/koma-script/scrbase.sty
Package: scrbase 2026/02/02 v3.49.2 KOMA-Script package (KOMA-Script-independent basics and keyval usage)
 (/home/vnadendla/.TinyTeX/texmf-dist/tex/latex/koma-script/scrlfile.sty
Package: scrlfile 2026/02/02 v3.49.2 KOMA-Script package (file load hooks)
 (/home/vnadendla/.TinyTeX/texmf-dist/tex/latex/koma-script/scrlfile-hook.sty
Package: scrlfile-hook 2026/02/02 v3.49.2 KOMA-Script package (using LaTeX hooks)
 (/home/vnadendla/.TinyTeX/texmf-dist/tex/latex/koma-script/scrlogo.sty
Package: scrlogo 2026/02/02 v3.49.2 KOMA-Script package (logo)
)))
Applying: [2021/05/01] Usage of raw or classic option list on input line 254.
Already applied: [0000/00/00] Usage of raw or classic option list on input line 370.
)))
\MyLen=\skip146
\MyBox=\box76
 (/home/vnadendla/.TinyTeX/texmf-dist/tex/generic/alphalph/alphalph.sty
Package: alphalph 2019/12/09 v2.6 Convert numbers to letters (HO)
 (/home/vnadendla/.TinyTeX/texmf-dist/tex/generic/intcalc/intcalc.sty
Package: intcalc 2019/12/15 v1.3 Expandable calculations with integers (HO)
))
\leftcolumnlength=\skip147
\extralength=\skip148
\fulllength=\skip149
 (/home/vnadendla/.TinyTeX/texmf-dist/tex/latex/geometry/geometry.sty
Package: geometry 2026/03/07 v6.0 Page Geometry
 (/home/vnadendla/.TinyTeX/texmf-dist/tex/generic/iftex/ifvtex.sty
Package: ifvtex 2019/10/25 v1.7 ifvtex legacy package. Use iftex instead.
)
\Gm@cnth=\count382
\Gm@cntv=\count383
\c@Gm@tempcnt=\count384
\Gm@bindingoffset=\dimen334
\Gm@wd@mp=\dimen335
\Gm@odd@mp=\dimen336
\Gm@even@mp=\dimen337
\Gm@layoutwidth=\dimen338
\Gm@layoutheight=\dimen339
\Gm@layouthoffset=\dimen340
\Gm@layoutvoffset=\dimen341
\Gm@dimlist=\toks62
) (/home/vnadendla/.TinyTeX/texmf-dist/tex/latex/newfloat/newfloat.sty
Package: newfloat 2023/10/01 v1.2 Defining new floating environments (AR)
)
Package newfloat Info: New float `listing' with options `' on input line 1635.
\c@listing=\count385
Package newfloat Info: float type `listing'=4 on input line 1635.
\c@lolistingdepth=\count386
Package newfloat Info: New float `boxenv' with options `name=Box' on input line 1636.
\c@boxenv=\count387
Package newfloat Info: float type `boxenv'=8 on input line 1636.
\c@loboxenvdepth=\count388
Package newfloat Info: New float `chart' with options `' on input line 1637.
\c@chart=\count389
Package newfloat Info: float type `chart'=16 on input line 1637.
\c@lochartdepth=\count390
Package newfloat Info: New float `scheme' with options `' on input line 1638.
\c@scheme=\count391
Package newfloat Info: float type `scheme'=32 on input line 1638.
\c@loschemedepth=\count392
Package newfloat Info: New float `figurewide' with options `' on input line 1639.
\c@figurewide=\count393
Package newfloat Info: float type `figurewide'=64 on input line 1639.
\c@lofigurewidedepth=\count394
Package newfloat Info: New float `graph' with options `' on input line 1640.
\c@graph=\count395
Package newfloat Info: float type `graph'=128 on input line 1640.
\c@lographdepth=\count396
\@justcentbox=\box77
 (/home/vnadendla/.TinyTeX/texmf-dist/tex/latex/seqsplit/seqsplit.sty
Package: seqsplit 2006/08/07 v0.1 Splitting long sequences (DNA, RNA, proteins, etc.) 
)
\cellWidtha=\skip150
\cellWidthb=\skip151
\cellWidthc=\skip152
\cellWidthd=\skip153
\cellWidthe=\skip154
\cellWidthf=\skip155
\cellWidthg=\skip156
\cellWidthh=\skip157
\cellWidthi=\skip158
\cellWidthj=\skip159
\cellWidthk=\skip160
\cellWidthl=\skip161
\cellWidthm=\skip162
\cellWidthn=\skip163
\cellWidtho=\skip164
\cellWidthp=\skip165
\cellWidthq=\skip166
\cellWidthr=\skip167
\cellWidths=\skip168
\cellWidtht=\skip169
\cellWidthu=\skip170
\cellWidthv=\skip171
\cellWidthw=\skip172
\cellWidthx=\skip173
\cellWidthy=\skip174
\cellWidthz=\skip175
\cellWidthA=\skip176
\cellWidthB=\skip177
\cellWidthC=\skip178
\cellWidthD=\skip179
\cellWidthE=\skip180
\cellWidthF=\skip181
\cellWidthG=\skip182
\cellWidthH=\skip183
\cellWidthI=\skip184
\cellWidthJ=\skip185
\cellWidthK=\skip186
\cellWidthL=\skip187
\cellWidthM=\skip188
\cellWidthN=\skip189
\cellWidthO=\skip190
\cellWidthP=\skip191
\cellWidthQ=\skip192
\cellWidthR=\skip193
\cellWidthS=\skip194
\cellWidthT=\skip195
\cellWidthU=\skip196
\cellWidthV=\skip197
\cellWidthW=\skip198
\cellWidthX=\skip199
\cellWidthY=\skip256
\cellWidthZ=\skip257
) (/home/vnadendla/.TinyTeX/texmf-dist/tex/latex/lm/lmodern.sty
Package: lmodern 2015/05/01 v1.6.1 Latin Modern Fonts
LaTeX Font Info:    Overwriting symbol font `operators' in version `normal'
(Font)                  OT1/ppl/m/n --> OT1/lmr/m/n on input line 22.
LaTeX Font Info:    Overwriting symbol font `letters' in version `normal'
(Font)                  OML/zplm/m/it --> OML/lmm/m/it on input line 23.
LaTeX Font Info:    Overwriting symbol font `symbols' in version `normal'
(Font)                  OMS/zplm/m/n --> OMS/lmsy/m/n on input line 24.
LaTeX Font Info:    Overwriting symbol font `largesymbols' in version `normal'
(Font)                  OMX/zplm/m/n --> OMX/lmex/m/n on input line 25.
LaTeX Font Info:    Overwriting symbol font `operators' in version `bold'
(Font)                  OT1/ppl/b/n --> OT1/lmr/bx/n on input line 26.
LaTeX Font Info:    Overwriting symbol font `letters' in version `bold'
(Font)                  OML/zplm/b/it --> OML/lmm/b/it on input line 27.
LaTeX Font Info:    Overwriting symbol font `symbols' in version `bold'
(Font)                  OMS/zplm/b/n --> OMS/lmsy/b/n on input line 28.
LaTeX Font Info:    Overwriting symbol font `largesymbols' in version `bold'
(Font)                  OMX/zplm/m/n --> OMX/lmex/m/n on input line 29.
LaTeX Font Info:    Overwriting math alphabet `\mathbf' in version `normal'
(Font)                  OT1/zplm/b/n --> OT1/lmr/bx/n on input line 31.
LaTeX Font Info:    Overwriting math alphabet `\mathsf' in version `normal'
(Font)                  OT1/cmss/m/n --> OT1/lmss/m/n on input line 32.
LaTeX Font Info:    Overwriting math alphabet `\mathit' in version `normal'
(Font)                  OT1/ppl/m/it --> OT1/lmr/m/it on input line 33.
LaTeX Font Info:    Overwriting math alphabet `\mathtt' in version `normal'
(Font)                  OT1/cmtt/m/n --> OT1/lmtt/m/n on input line 34.
LaTeX Font Info:    Overwriting math alphabet `\mathbf' in version `bold'
(Font)                  OT1/zplm/b/n --> OT1/lmr/bx/n on input line 35.
LaTeX Font Info:    Overwriting math alphabet `\mathsf' in version `bold'
(Font)                  OT1/cmss/bx/n --> OT1/lmss/bx/n on input line 36.
LaTeX Font Info:    Overwriting math alphabet `\mathit' in version `bold'
(Font)                  OT1/ppl/b/it --> OT1/lmr/bx/it on input line 37.
LaTeX Font Info:    Overwriting math alphabet `\mathtt' in version `bold'
(Font)                  OT1/cmtt/m/n --> OT1/lmtt/m/n on input line 38.
) (/home/vnadendla/.TinyTeX/texmf-dist/tex/latex/tools/bm.sty
Package: bm 2025/10/21 v1.2g Bold Symbol Support (DPC/FMi)
\symboldoperators=\mathgroup8
\symboldletters=\mathgroup9
\symboldsymbols=\mathgroup10
Package bm Info: No bold for \OMX/lmex/m/n, using \pmb.
Package bm Info: No bold for \U/msa/m/n, using \pmb.
Package bm Info: No bold for \U/msb/m/n, using \pmb.
\symboldupright=\mathgroup11
LaTeX Font Info:    Redeclaring math alphabet \mathbf on input line 149.
) (/home/vnadendla/.TinyTeX/texmf-dist/tex/latex/stmaryrd/stmaryrd.sty
Package: stmaryrd 1994/03/03 St Mary's Road symbol package
\symstmry=\mathgroup12
LaTeX Font Info:    Overwriting symbol font `stmry' in version `bold'
(Font)                  U/stmry/m/n --> U/stmry/b/n on input line 89.
) (/home/vnadendla/.TinyTeX/texmf-dist/tex/latex/jknapltx/mathrsfs.sty
Package: mathrsfs 1996/01/01 Math RSFS package v1.0 (jk)
\symrsfs=\mathgroup13
) (/home/vnadendla/.TinyTeX/texmf-dist/tex/latex/tikz-cd/tikz-cd.sty
Package: tikz-cd 2021/05/04 v1.0 Commutative diagrams with TikZ
 (/home/vnadendla/.TinyTeX/texmf-dist/tex/generic/tikz-cd/tikzlibrarycd.code.tex (/home/vnadendla/.TinyTeX/texmf-dist/tex/generic/pgf/frontendlayer/tikz/libraries/tikzlibrarymatrix.code.tex
File: tikzlibrarymatrix.code.tex 2025-08-29 v3.1.11a (3.1.11a)
) (/home/vnadendla/.TinyTeX/texmf-dist/tex/generic/pgf/frontendlayer/tikz/libraries/tikzlibraryquotes.code.tex
File: tikzlibraryquotes.code.tex 2025-08-29 v3.1.11a (3.1.11a)
) (/home/vnadendla/.TinyTeX/texmf-dist/tex/generic/pgf/libraries/pgflibraryarrows.meta.code.tex
File: pgflibraryarrows.meta.code.tex 2025-08-29 v3.1.11a (3.1.11a)
\pgfarrowinset=\dimen342
\pgfarrowlength=\dimen343
\pgfarrowwidth=\dimen344
\pgfarrowlinewidth=\dimen345
))) (/home/vnadendla/.TinyTeX/texmf-dist/tex/latex/comment/comment.sty
\CommentStream=\write4
 Excluding comment 'comment') (/home/vnadendla/.TinyTeX/texmf-dist/tex/generic/pgf/frontendlayer/tikz/libraries/tikzlibrarypositioning.code.tex
File: tikzlibrarypositioning.code.tex 2025-08-29 v3.1.11a (3.1.11a)
)
Package translations Info: No language package found. I am going to use `english' as default language. on input line 312.
 (/home/vnadendla/.TinyTeX/texmf-dist/tex/latex/hyperref/hyperref.sty
Package: hyperref 2026-04-24 v7.01q Hypertext links for LaTeX
 (/home/vnadendla/.TinyTeX/texmf-dist/tex/generic/pdfescape/pdfescape.sty
Package: pdfescape 2019/12/09 v1.15 Implements pdfTeX's escape features (HO)
) (/home/vnadendla/.TinyTeX/texmf-dist/tex/latex/hycolor/hycolor.sty
Package: hycolor 2020-01-27 v1.10 Color options for hyperref/bookmark (HO)
) (/home/vnadendla/.TinyTeX/texmf-dist/tex/latex/hyperref/nameref.sty
Package: nameref 2026-01-29 v2.58 Cross-referencing by name of section
 (/home/vnadendla/.TinyTeX/texmf-dist/tex/generic/gettitlestring/gettitlestring.sty
Package: gettitlestring 2019/12/15 v1.6 Cleanup title references (HO)
)
\c@section@level=\count397
) (/home/vnadendla/.TinyTeX/texmf-dist/tex/generic/stringenc/stringenc.sty
Package: stringenc 2019/11/29 v1.12 Convert strings between diff. encodings (HO)
)
\@linkdim=\dimen346
\Hy@linkcounter=\count398
\Hy@pagecounter=\count399
 (/home/vnadendla/.TinyTeX/texmf-dist/tex/latex/hyperref/pd1enc.def
File: pd1enc.def 2026-04-24 v7.01q Hyperref: PDFDocEncoding definition (HO)
Now handling font encoding PD1 ...
... no UTF-8 mapping file for font encoding PD1
)
\Hy@SavedSpaceFactor=\count400
 (/home/vnadendla/.TinyTeX/texmf-dist/tex/latex/hyperref/puenc.def
File: puenc.def 2026-04-24 v7.01q Hyperref: PDF Unicode definition (HO)
Now handling font encoding PU ...
... no UTF-8 mapping file for font encoding PU
)
Package hyperref Info: Option `unicode' set `true' on input line 4070.
Package hyperref Info: Option `bookmarksopen' set `true' on input line 4070.
Package hyperref Info: Option `pdffitwindow' set `true' on input line 4070.
Package hyperref Info: Option `colorlinks' set `true' on input line 4070.
Package hyperref Info: Option `hyperfootnotes' set `true' on input line 4070.
Package hyperref Info: Hyper figures OFF on input line 4199.
Package hyperref Info: Link nesting OFF on input line 4204.
Package hyperref Info: Hyper index ON on input line 4207.
Package hyperref Info: Plain pages OFF on input line 4214.
Package hyperref Info: Backreferencing OFF on input line 4219.
Package hyperref Info: Implicit mode ON; LaTeX internals redefined.
Package hyperref Info: Bookmarks ON on input line 4466.
\c@Hy@tempcnt=\count401
 (/home/vnadendla/.TinyTeX/texmf-dist/tex/latex/url/url.sty
\Urlmuskip=\muskip18
Package: url 2013/09/16  ver 3.4  Verb mode for urls, etc.
)
LaTeX Info: Redefining \url on input line 4805.
\XeTeXLinkMargin=\dimen347
 (/home/vnadendla/.TinyTeX/texmf-dist/tex/generic/bitset/bitset.sty
Package: bitset 2019/12/09 v1.3 Handle bit-vector datatype (HO)
 (/home/vnadendla/.TinyTeX/texmf-dist/tex/generic/bigintcalc/bigintcalc.sty
Package: bigintcalc 2019/12/15 v1.5 Expandable calculations on big integers (HO)
))
\Fld@menulength=\count402
\Field@Width=\dimen348
\Fld@charsize=\dimen349
Package hyperref Info: Hyper figures OFF on input line 6091.
Package hyperref Info: Link nesting OFF on input line 6096.
Package hyperref Info: Hyper index ON on input line 6099.
Package hyperref Info: backreferencing OFF on input line 6106.
Package hyperref Info: Link coloring ON on input line 6109.
Package hyperref Info: Link coloring with OCG OFF on input line 6116.
Package hyperref Info: PDF/A mode OFF on input line 6121.
\Hy@abspage=\count403
\c@Item=\count404
\c@Hfootnote=\count405
)
Package hyperref Info: Driver (autodetected): hpdftex.
 (/home/vnadendla/.TinyTeX/texmf-dist/tex/latex/hyperref/hpdftex.def
File: hpdftex.def 2026-04-24 v7.01q Hyperref driver for pdfTeX
Package hyperref Info: \pdfmajorversion.\pdfminorversion:=1.7 on input line 204.
\Fld@listcount=\count406
\c@bookmark@seq@number=\count407
 (/home/vnadendla/.TinyTeX/texmf-dist/tex/latex/rerunfilecheck/rerunfilecheck.sty
Package: rerunfilecheck 2025-06-21 v1.11 Rerun checks for auxiliary files (HO)
 (/home/vnadendla/.TinyTeX/texmf-dist/tex/generic/uniquecounter/uniquecounter.sty
Package: uniquecounter 2019/12/15 v1.4 Provide unlimited unique counter (HO)
)
Package uniquecounter Info: New unique counter `rerunfilecheck' on input line 284.
)
\Hy@SectionHShift=\skip258
) (/home/vnadendla/.TinyTeX/texmf-dist/tex/latex/cleveref/cleveref.sty
Package: cleveref 2018/03/27 v0.21.4 Intelligent cross-referencing
Package cleveref Info: `hyperref' support loaded on input line 2370.
LaTeX Info: Redefining \cref on input line 2370.
LaTeX Info: Redefining \Cref on input line 2370.
LaTeX Info: Redefining \crefrange on input line 2370.
LaTeX Info: Redefining \Crefrange on input line 2370.
LaTeX Info: Redefining \cpageref on input line 2370.
LaTeX Info: Redefining \Cpageref on input line 2370.
LaTeX Info: Redefining \cpagerefrange on input line 2370.
LaTeX Info: Redefining \Cpagerefrange on input line 2370.
LaTeX Info: Redefining \labelcref on input line 2370.
LaTeX Info: Redefining \labelcpageref on input line 2370.
Package cleveref Info: `amsthm' support loaded on input line 3026.
Package cleveref Info: `subfig' support loaded on input line 3164.
Package cleveref Info: always capitalise cross-reference names on input line 7825.
Package cleveref Info: always capitalise cross-reference names on input line 7852.
Package cleveref Info: no abbreviation of names on input line 7852.
)
==> First Aid for cleveref.sty applied!
LaTeX Font Info:    Trying to load font information for T1+lmr on input line 312.
(/home/vnadendla/.TinyTeX/texmf-dist/tex/latex/lm/t1lmr.fd
File: t1lmr.fd 2015/05/01 v1.6.1 Font defs for Latin Modern
) (./template.aux

LaTeX Warning: Label `def:F-explicit-only-governance' multiply defined.


LaTeX Warning: Label `def:F-explicit-only-governance@cref' multiply defined.

)
\openout1 = `template.aux'.

LaTeX Font Info:    Checking defaults for OML/cmm/m/it on input line 312.
LaTeX Font Info:    ... okay on input line 312.
LaTeX Font Info:    Checking defaults for OMS/cmsy/m/n on input line 312.
LaTeX Font Info:    ... okay on input line 312.
LaTeX Font Info:    Checking defaults for OT1/cmr/m/n on input line 312.
LaTeX Font Info:    ... okay on input line 312.
LaTeX Font Info:    Checking defaults for T1/cmr/m/n on input line 312.
LaTeX Font Info:    ... okay on input line 312.
LaTeX Font Info:    Checking defaults for TS1/cmr/m/n on input line 312.
LaTeX Font Info:    ... okay on input line 312.
LaTeX Font Info:    Checking defaults for OMX/cmex/m/n on input line 312.
LaTeX Font Info:    ... okay on input line 312.
LaTeX Font Info:    Checking defaults for U/cmr/m/n on input line 312.
LaTeX Font Info:    ... okay on input line 312.
LaTeX Font Info:    Checking defaults for PD1/pdf/m/n on input line 312.
LaTeX Font Info:    ... okay on input line 312.
LaTeX Font Info:    Checking defaults for PU/pdf/m/n on input line 312.
LaTeX Font Info:    ... okay on input line 312.
LaTeX Info: Redefining \microtypecontext on input line 312.
Package microtype Info: Applying patch `item' on input line 312.
Package microtype Info: Applying patch `toc' on input line 312.
Package microtype Info: Applying patch `eqnum' on input line 312.
Package microtype Info: Applying patch `footnote' on input line 312.
Package microtype Info: Applying patch `verbatim' on input line 312.
LaTeX Info: Redefining \microtypesetup on input line 312.
Package microtype Info: Generating PDF output.
Package microtype Info: Character protrusion enabled (level 2).
Package microtype Info: Using default protrusion set `alltext'.
Package microtype Info: Automatic font expansion enabled (level 2),
(microtype)             stretch: 20, shrink: 20, step: 1, non-selected.
Package microtype Info: Using default expansion set `alltext-nott'.
Package microtype Info: Patching command `\showhyphens'.
Package microtype Info: No adjustment of tracking.
Package microtype Info: No adjustment of interword spacing.
Package microtype Info: No adjustment of character kerning.
 (/home/vnadendla/.TinyTeX/texmf-dist/tex/latex/microtype/mt-cmr.cfg
File: mt-cmr.cfg 2013/05/19 v2.2 microtype config. file: Computer Modern Roman (RS)
) (/home/vnadendla/.TinyTeX/texmf-dist/tex/latex/translations/translations-basic-dictionary-english.trsl
File: translations-basic-dictionary-english.trsl (english translation file `translations-basic-dictionary')
)
Package translations Info: loading dictionary `translations-basic-dictionary' for `english'. on input line 312.
Package caption Info: Begin \AtBeginDocument code.
Package caption Info: subfig package v1.3 is loaded.
Package caption Info: hyperref package is loaded.
Package caption Info: scrextend package is loaded.
\caption@addmargin@hsize=\dimen350
\caption@addmargin@linewidth=\dimen351
Package caption Info: End \AtBeginDocument code.

*geometry* driver: auto-detecting
*geometry* detected driver: pdftex
*geometry* verbose mode - [ preamble ] result:
* driver: pdftex
* paper: <default>
* layout: <same size as paper>
* layoutoffset:(h,v)=(0.0pt,0.0pt)
* modes: includehead includefoot 
* h-part:(L,W,R)=(76.82234pt, 443.86319pt, 76.82234pt)
* v-part:(T,H,B)=(38.41139pt, 775.90643pt, 30.72902pt)
* \paperwidth=597.50787pt
* \paperheight=845.04684pt
* \textwidth=443.86319pt
* \textheight=708.90643pt
* \oddsidemargin=4.55235pt
* \evensidemargin=4.55235pt
* \topmargin=-33.8586pt
* \headheight=12.0pt
* \headsep=25.0pt
* \topskip=10.0pt
* \footskip=30.0pt
* \marginparwidth=57.0pt
* \marginparsep=11.0pt
* \columnsep=10.0pt
* \skip\footins=17.07182pt
* \hoffset=0.0pt
* \voffset=0.0pt
* \mag=1000
* \@twocolumnfalse
* \@twosidefalse
* \@mparswitchfalse
* \@reversemargintrue
* (1in=72.27pt=25.4mm, 1cm=28.453pt)

Package newfloat Info: `float' package detected.
Package hyperref Info: Link coloring ON on input line 312.
(./template.out) (./template.out)
\@outlinefile=\write5
\openout5 = `template.out'.

LaTeX Font Info:    Trying to load font information for OT1+lmr on input line 312.
 (/home/vnadendla/.TinyTeX/texmf-dist/tex/latex/lm/ot1lmr.fd
File: ot1lmr.fd 2015/05/01 v1.6.1 Font defs for Latin Modern
)
LaTeX Font Info:    Trying to load font information for OML+lmm on input line 312.
 (/home/vnadendla/.TinyTeX/texmf-dist/tex/latex/lm/omllmm.fd
File: omllmm.fd 2015/05/01 v1.6.1 Font defs for Latin Modern
)
LaTeX Font Info:    Trying to load font information for OMS+lmsy on input line 312.
 (/home/vnadendla/.TinyTeX/texmf-dist/tex/latex/lm/omslmsy.fd
File: omslmsy.fd 2015/05/01 v1.6.1 Font defs for Latin Modern
)
LaTeX Font Info:    Trying to load font information for OMX+lmex on input line 312.
 (/home/vnadendla/.TinyTeX/texmf-dist/tex/latex/lm/omxlmex.fd
File: omxlmex.fd 2015/05/01 v1.6.1 Font defs for Latin Modern
)
LaTeX Font Info:    External font `lmex10' loaded for size
(Font)              <10> on input line 312.
LaTeX Font Info:    External font `lmex10' loaded for size
(Font)              <7.6> on input line 312.
LaTeX Font Info:    External font `lmex10' loaded for size
(Font)              <6> on input line 312.
LaTeX Font Info:    Font shape `U/msa/m/n' will be
(Font)              scaled to size 10.42007pt on input line 312.
 (/home/vnadendla/.TinyTeX/texmf-dist/tex/latex/microtype/mt-msa.cfg
File: mt-msa.cfg 2006/02/04 v1.1 microtype config. file: AMS symbols (a) (RS)
)
LaTeX Font Info:    Font shape `U/msa/m/n' will be
(Font)              scaled to size 7.91925pt on input line 312.
LaTeX Font Info:    Font shape `U/msa/m/n' will be
(Font)              scaled to size 6.25204pt on input line 312.
LaTeX Font Info:    Font shape `U/msb/m/n' will be
(Font)              scaled to size 10.42007pt on input line 312.
 (/home/vnadendla/.TinyTeX/texmf-dist/tex/latex/microtype/mt-msb.cfg
File: mt-msb.cfg 2005/06/01 v1.0 microtype config. file: AMS symbols (b) (RS)
)
LaTeX Font Info:    Font shape `U/msb/m/n' will be
(Font)              scaled to size 7.91925pt on input line 312.
LaTeX Font Info:    Font shape `U/msb/m/n' will be
(Font)              scaled to size 6.25204pt on input line 312.
LaTeX Font Info:    Trying to load font information for OT1+zplm on input line 312.
 (/home/vnadendla/.TinyTeX/texmf-dist/tex/latex/psnfss/ot1zplm.fd
File: ot1zplm.fd 2002/09/08 Fontinst v1.914 font definitions for OT1/zplm.
)
Package microtype Info: Loading generic protrusion settings for font family
(microtype)             `zplm' (encoding: OT1).
(microtype)             For optimal results, create family-specific settings.
(microtype)             See the microtype manual for details.
 (/home/vnadendla/.TinyTeX/texmf-dist/tex/latex/microtype/mt-eur.cfg
File: mt-eur.cfg 2006/07/31 v1.1 microtype config. file: AMS Euler Roman (RS)
)
LaTeX Font Info:    Trying to load font information for U+stmry on input line 312.
 (/home/vnadendla/.TinyTeX/texmf-dist/tex/latex/stmaryrd/Ustmry.fd)
LaTeX Font Info:    Trying to load font information for U+rsfs on input line 312.
 (/home/vnadendla/.TinyTeX/texmf-dist/tex/latex/jknapltx/ursfs.fd
File: ursfs.fd 1998/03/24 rsfs font definition file (jk)
)
LaTeX Font Info:    Redeclaring symbol font `AMSb' on input line 312.
LaTeX Font Info:    Overwriting symbol font `AMSb' in version `normal'
(Font)                  U/msb/m/n --> U/msb/m/n on input line 312.
LaTeX Font Info:    Overwriting symbol font `AMSb' in version `bold'
(Font)                  U/msb/m/n --> U/msb/m/n on input line 312.
Package marginnote Info: Margin note 1.1 is on absolute page 1 on input line 312.
Package marginnote Info: right page because not two side mode on input line 312.
Package marginnote Info: xpos seems to be 76.82234pt on input line 312.


LaTeX Font Warning: Font shape `U/stmry/b/n' undefined
(Font)              using `U/stmry/m/n' instead on input line 312.

<Definitions/logo-orcid.pdf, id=819, 102.3825pt x 102.3825pt>
File: Definitions/logo-orcid.pdf Graphic file (type pdf)
<use Definitions/logo-orcid.pdf>
Package pdftex.def Info: Definitions/logo-orcid.pdf  used on input line 312.
(pdftex.def)             Requested size: 9.10509pt x 9.10466pt.
LaTeX Font Info:    External font `lmex10' loaded for size
(Font)              <8> on input line 312.
LaTeX Font Info:    External font `lmex10' loaded for size
(Font)              <5> on input line 312.
LaTeX Font Info:    Font shape `U/msa/m/n' will be
(Font)              scaled to size 8.33606pt on input line 312.
LaTeX Font Info:    Font shape `U/msa/m/n' will be
(Font)              scaled to size 5.21004pt on input line 312.
LaTeX Font Info:    Font shape `U/msb/m/n' will be
(Font)              scaled to size 8.33606pt on input line 312.
LaTeX Font Info:    Font shape `U/msb/m/n' will be
(Font)              scaled to size 5.21004pt on input line 312.
[1

{/home/vnadendla/.TinyTeX/texmf-var/fonts/map/pdftex/updmap/pdftex.map}{/home/vnadendla/.TinyTeX/texmf-dist/fonts/enc/dvips/lm/lm-ec.enc}{/home/vnadendla/.TinyTeX/texmf-dist/fonts/enc/dvips/lm/lm-rm.enc}{/home/vnadendla/.TinyTeX/texmf-dist/fonts/enc/dvips/lm/lm-mathsy.enc} <./Definitions/logo-orcid.pdf>] (./template.toc [2]

Package fancyhdr Warning: \headheight is too small (12.0pt): 
(fancyhdr)                Make it at least 17.11104pt, for example:
(fancyhdr)                \setlength{\headheight}{17.11104pt}.
(fancyhdr)                You might also make \topmargin smaller:
(fancyhdr)                \addtolength{\topmargin}{-5.11104pt}.

[3{/home/vnadendla/.TinyTeX/texmf-dist/fonts/enc/dvips/lm/lm-mathit.enc}{/home/vnadendla/.TinyTeX/texmf-dist/fonts/enc/dvips/base/8r.enc}]

Package fancyhdr Warning: \headheight is too small (12.0pt): 
(fancyhdr)                Make it at least 17.11104pt, for example:
(fancyhdr)                \setlength{\headheight}{17.11104pt}.
(fancyhdr)                You might also make \topmargin smaller:
(fancyhdr)                \addtolength{\topmargin}{-5.11104pt}.

[4]

Package fancyhdr Warning: \headheight is too small (12.0pt): 
(fancyhdr)                Make it at least 17.11104pt, for example:
(fancyhdr)                \setlength{\headheight}{17.11104pt}.
(fancyhdr)                You might also make \topmargin smaller:
(fancyhdr)                \addtolength{\topmargin}{-5.11104pt}.

[5])
\tf@toc=\write6
\openout6 = `template.toc'.



Package fancyhdr Warning: \headheight is too small (12.0pt): 
(fancyhdr)                Make it at least 17.11104pt, for example:
(fancyhdr)                \setlength{\headheight}{17.11104pt}.
(fancyhdr)                You might also make \topmargin smaller:
(fancyhdr)                \addtolength{\topmargin}{-5.11104pt}.

[6] Excluding 'comment' comment.
LaTeX Font Info:    Trying to load font information for TS1+lmr on input line 349.
 (/home/vnadendla/.TinyTeX/texmf-dist/tex/latex/lm/ts1lmr.fd
File: ts1lmr.fd 2015/05/01 v1.6.1 Font defs for Latin Modern
) Excluding 'comment' comment.

Package fancyhdr Warning: \headheight is too small (12.0pt): 
(fancyhdr)                Make it at least 17.11104pt, for example:
(fancyhdr)                \setlength{\headheight}{17.11104pt}.
(fancyhdr)                You might also make \topmargin smaller:
(fancyhdr)                \addtolength{\topmargin}{-5.11104pt}.

[7{/home/vnadendla/.TinyTeX/texmf-dist/fonts/enc/dvips/lm/lm-ts1.enc}]

Package fancyhdr Warning: \headheight is too small (12.0pt): 
(fancyhdr)                Make it at least 17.11104pt, for example:
(fancyhdr)                \setlength{\headheight}{17.11104pt}.
(fancyhdr)                You might also make \topmargin smaller:
(fancyhdr)                \addtolength{\topmargin}{-5.11104pt}.

[8]

Package fancyhdr Warning: \headheight is too small (12.0pt): 
(fancyhdr)                Make it at least 17.11104pt, for example:
(fancyhdr)                \setlength{\headheight}{17.11104pt}.
(fancyhdr)                You might also make \topmargin smaller:
(fancyhdr)                \addtolength{\topmargin}{-5.11104pt}.

[9]

Package fancyhdr Warning: \headheight is too small (12.0pt): 
(fancyhdr)                Make it at least 17.11104pt, for example:
(fancyhdr)                \setlength{\headheight}{17.11104pt}.
(fancyhdr)                You might also make \topmargin smaller:
(fancyhdr)                \addtolength{\topmargin}{-5.11104pt}.

[10]
Overfull \hbox (3.48335pt too wide) in paragraph at lines 499--500
[]\T1/lmr/m/n/10 (-20) The cat-e-gor-i-cal tools we use---free cat-e-gories, groupoids, (op)fibrations, Grothendieck constructions---
 []


Package fancyhdr Warning: \headheight is too small (12.0pt): 
(fancyhdr)                Make it at least 17.11104pt, for example:
(fancyhdr)                \setlength{\headheight}{17.11104pt}.
(fancyhdr)                You might also make \topmargin smaller:
(fancyhdr)                \addtolength{\topmargin}{-5.11104pt}.

[11]

Package fancyhdr Warning: \headheight is too small (12.0pt): 
(fancyhdr)                Make it at least 17.11104pt, for example:
(fancyhdr)                \setlength{\headheight}{17.11104pt}.
(fancyhdr)                You might also make \topmargin smaller:
(fancyhdr)                \addtolength{\topmargin}{-5.11104pt}.

[12] (./MainPaper.tex

Package fancyhdr Warning: \headheight is too small (12.0pt): 
(fancyhdr)                Make it at least 17.11104pt, for example:
(fancyhdr)                \setlength{\headheight}{17.11104pt}.
(fancyhdr)                You might also make \topmargin smaller:
(fancyhdr)                \addtolength{\topmargin}{-5.11104pt}.

[13]
LaTeX Font Info:    Freeze math alphabet allocation in version normal.
(Font)              Allocated math groups: 14 (local: 2) on input line 60.
LaTeX Font Info:    Trying to load font information for OT1+lmss on input line 60.
 (/home/vnadendla/.TinyTeX/texmf-dist/tex/latex/lm/ot1lmss.fd
File: ot1lmss.fd 2015/05/01 v1.6.1 Font defs for Latin Modern
)
Package microtype Info: Loading generic protrusion settings for font family
(microtype)             `lmss' (encoding: OT1).
(microtype)             For optimal results, create family-specific settings.
(microtype)             See the microtype manual for details.
LaTeX Font Info:    Undo math alphabet allocation in version normal on input line 60.
LaTeX Font Info:    Undo math alphabet allocation in version normal on input line 61.
LaTeX Font Info:    No math alphabet change to frozen version normal on input line 68.


Package fancyhdr Warning: \headheight is too small (12.0pt): 
(fancyhdr)                Make it at least 17.11104pt, for example:
(fancyhdr)                \setlength{\headheight}{17.11104pt}.
(fancyhdr)                You might also make \topmargin smaller:
(fancyhdr)                \addtolength{\topmargin}{-5.11104pt}.

[14]
LaTeX Font Info:    Undo math alphabet allocation in version normal on input line 70.
LaTeX Font Info:    Undo math alphabet allocation in version normal on input line 71.
LaTeX Font Info:    Undo math alphabet allocation in version normal on input line 72.
LaTeX Font Info:    Undo math alphabet allocation in version normal on input line 73.
LaTeX Font Info:    Undo math alphabet allocation in version normal on input line 74.
LaTeX Font Info:    Undo math alphabet allocation in version normal on input line 75.
LaTeX Font Info:    Undo math alphabet allocation in version normal on input line 78.
LaTeX Font Info:    Undo math alphabet allocation in version normal on input line 78.
LaTeX Font Info:    Undo math alphabet allocation in version normal on input line 81.
LaTeX Font Info:    Undo math alphabet allocation in version normal on input line 82.
LaTeX Font Info:    No math alphabet change to frozen version normal on input line 86.
LaTeX Font Info:    Undo math alphabet allocation in version normal on input line 86.
LaTeX Font Info:    No math alphabet change to frozen version normal on input line 86.
LaTeX Font Info:    Undo math alphabet allocation in version normal on input line 89.
LaTeX Font Info:    No math alphabet change to frozen version normal on input line 89.
LaTeX Font Info:    Undo math alphabet allocation in version normal on input line 89.
LaTeX Font Info:    No math alphabet change to frozen version normal on input line 92.
LaTeX Font Info:    No math alphabet change to frozen version normal on input line 95.
LaTeX Font Info:    No math alphabet change to frozen version normal on input line 95.
LaTeX Font Info:    No math alphabet change to frozen version normal on input line 98.
LaTeX Font Info:    Undo math alphabet allocation in version normal on input line 98.
LaTeX Font Info:    Undo math alphabet allocation in version normal on input line 98.
LaTeX Font Info:    Undo math alphabet allocation in version normal on input line 98.
LaTeX Font Info:    No math alphabet change to frozen version normal on input line 98.
LaTeX Font Info:    No math alphabet change to frozen version normal on input line 98.


Package fancyhdr Warning: \headheight is too small (12.0pt): 
(fancyhdr)                Make it at least 17.11104pt, for example:
(fancyhdr)                \setlength{\headheight}{17.11104pt}.
(fancyhdr)                You might also make \topmargin smaller:
(fancyhdr)                \addtolength{\topmargin}{-5.11104pt}.

[15]
LaTeX Font Info:    No math alphabet change to frozen version normal on input line 101.
LaTeX Font Info:    Undo math alphabet allocation in version normal on input line 101.
LaTeX Font Info:    No math alphabet change to frozen version normal on input line 101.


! LaTeX Error: Environment theorem undefined.

See the LaTeX manual or LaTeX Companion for explanation.
Type  H <return>  for immediate help.
 ...                                              
                                                  
l.107 \begin{theorem}
                     [Initiality of the FRFP ontology, informal]
Your command was ignored.
Type  I <command> <return>  to replace it with another command,
or  <return>  to continue without it.

LaTeX Font Info:    No math alphabet change to frozen version normal on input line 111.
LaTeX Font Info:    Undo math alphabet allocation in version normal on input line 112.

! LaTeX Error: \begin{document} ended by \end{theorem}.

See the LaTeX manual or LaTeX Companion for explanation.
Type  H <return>  for immediate help.
 ...                                              
                                                  
l.116 \end{theorem}
                   
Your command was ignored.
Type  I <command> <return>  to replace it with another command,
or  <return>  to continue without it.

LaTeX Font Info:    No math alphabet change to frozen version normal on input line 121.
LaTeX Font Info:    Undo math alphabet allocation in version normal on input line 121.
LaTeX Font Info:    No math alphabet change to frozen version normal on input line 123.
LaTeX Font Info:    No math alphabet change to frozen version normal on input line 123.
LaTeX Font Info:    No math alphabet change to frozen version normal on input line 123.
LaTeX Font Info:    No math alphabet change to frozen version normal on input line 123.
LaTeX Font Info:    No math alphabet change to frozen version normal on input line 123.
LaTeX Font Info:    No math alphabet change to frozen version normal on input line 125.
LaTeX Font Info:    No math alphabet change to frozen version normal on input line 125.
LaTeX Font Info:    No math alphabet change to frozen version normal on input line 125.
LaTeX Font Info:    No math alphabet change to frozen version normal on input line 125.
LaTeX Font Info:    No math alphabet change to frozen version normal on input line 125.
LaTeX Font Info:    No math alphabet change to frozen version normal on input line 125.
LaTeX Font Info:    Undo math alphabet allocation in version normal on input line 127.
LaTeX Font Info:    No math alphabet change to frozen version normal on input line 127.
LaTeX Font Info:    Undo math alphabet allocation in version normal on input line 127.
LaTeX Font Info:    No math alphabet change to frozen version normal on input line 127.
LaTeX Font Info:    No math alphabet change to frozen version normal on input line 127.

Package fancyhdr Warning: \headheight is too small (12.0pt): 
(fancyhdr)                Make it at least 17.11104pt, for example:
(fancyhdr)                \setlength{\headheight}{17.11104pt}.
(fancyhdr)                You might also make \topmargin smaller:
(fancyhdr)                \addtolength{\topmargin}{-5.11104pt}.

[16]
LaTeX Font Info:    No math alphabet change to frozen version normal on input line 134.
LaTeX Font Info:    No math alphabet change to frozen version normal on input line 134.
LaTeX Font Info:    Undo math alphabet allocation in version normal on input line 140.
LaTeX Font Info:    Undo math alphabet allocation in version normal on input line 141.
LaTeX Font Info:    No math alphabet change to frozen version normal on input line 142.
LaTeX Font Info:    No math alphabet change to frozen version normal on input line 146.
LaTeX Font Info:    Nested math: keeping math alphabet allocation in version normal on input line 160.
LaTeX Font Info:    Nested math: keeping math alphabet allocation in version normal on input line 160.
LaTeX Font Info:    Nested math: keeping math alphabet allocation in version normal on input line 160.
LaTeX Font Info:    Nested math: keeping math alphabet allocation in version normal on input line 160.
LaTeX Font Info:    Nested math: keeping math alphabet allocation in version normal on input line 160.
LaTeX Font Info:    Nested math: keeping math alphabet allocation in version normal on input line 160.
LaTeX Font Info:    Nested math: keeping math alphabet allocation in version normal on input line 160.
LaTeX Font Info:    Nested math: keeping math alphabet allocation in version normal on input line 160.
LaTeX Font Info:    Nested math: keeping math alphabet allocation in version normal on input line 160.
LaTeX Font Info:    Nested math: keeping math alphabet allocation in version normal on input line 160.
LaTeX Font Info:    Nested math: keeping math alphabet allocation in version normal on input line 160.
LaTeX Font Info:    Undo math alphabet allocation in version normal on input line 160.
LaTeX Font Info:    No math alphabet change to frozen version normal on input line 161.
LaTeX Font Info:    No math alphabet change to frozen version normal on input line 161.
LaTeX Font Info:    No math alphabet change to frozen version normal on input line 164.
LaTeX Font Info:    No math alphabet change to frozen version normal on input line 166.
LaTeX Font Info:    No math alphabet change to frozen version normal on input line 172.
LaTeX Font Info:    No math alphabet change to frozen version normal on input line 172.
LaTeX Font Info:    No math alphabet change to frozen version normal on input line 176.
LaTeX Font Info:    No math alphabet change to frozen version normal on input line 177.
LaTeX Font Info:    No math alphabet change to frozen version normal on input line 178.
LaTeX Font Info:    No math alphabet change to frozen version normal on input line 178.
LaTeX Font Info:    No math alphabet change to frozen version normal on input line 179.
LaTeX Font Info:    No math alphabet change to frozen version normal on input line 181.
LaTeX Font Info:    No math alphabet change to frozen version normal on input line 184.
LaTeX Font Info:    No math alphabet change to frozen version normal on input line 184.
LaTeX Font Info:    No math alphabet change to frozen version normal on input line 185.
LaTeX Font Info:    No math alphabet change to frozen version normal on input line 185.
LaTeX Font Info:    No math alphabet change to frozen version normal on input line 186.
LaTeX Font Info:    Nested math: keeping math alphabet allocation in version normal on input line 191.
LaTeX Font Info:    Nested math: keeping math alphabet allocation in version normal on input line 191.
LaTeX Font Info:    No math alphabet change to frozen version normal on input line 192.


Package fancyhdr Warning: \headheight is too small (12.0pt): 
(fancyhdr)                Make it at least 17.11104pt, for example:
(fancyhdr)                \setlength{\headheight}{17.11104pt}.
(fancyhdr)                You might also make \topmargin smaller:
(fancyhdr)                \addtolength{\topmargin}{-5.11104pt}.

[17{/home/vnadendla/.TinyTeX/texmf-dist/fonts/enc/dvips/lm/lm-mathex.enc}]
LaTeX Font Info:    No math alphabet change to frozen version normal on input line 196.
LaTeX Font Info:    No math alphabet change to frozen version normal on input line 198.
LaTeX Font Info:    No math alphabet change to frozen version normal on input line 200.
LaTeX Font Info:    No math alphabet change to frozen version normal on input line 206.
LaTeX Font Info:    No math alphabet change to frozen version normal on input line 211.


! LaTeX Error: Environment theorem undefined.

See the LaTeX manual or LaTeX Companion for explanation.
Type  H <return>  for immediate help.
 ...                                              
                                                  
l.215 \begin{theorem}
                     [Confluence and normal forms (informal)]
Your command was ignored.
Type  I <command> <return>  to replace it with another command,
or  <return>  to continue without it.

LaTeX Font Info:    No math alphabet change to frozen version normal on input line 216.

! LaTeX Error: \begin{document} ended by \end{theorem}.

See the LaTeX manual or LaTeX Companion for explanation.
Type  H <return>  for immediate help.
 ...                                              
                                                  
l.220 \end{theorem}
                   
Your command was ignored.
Type  I <command> <return>  to replace it with another command,
or  <return>  to continue without it.


! LaTeX Error: Environment theorem undefined.

See the LaTeX manual or LaTeX Companion for explanation.
Type  H <return>  for immediate help.
 ...                                              
                                                  
l.225 \begin{theorem}
                     [Decidability of admissibility (informal)]
Your command was ignored.
Type  I <command> <return>  to replace it with another command,
or  <return>  to continue without it.

LaTeX Font Info:    No math alphabet change to frozen version normal on input line 226.
LaTeX Font Info:    Undo math alphabet allocation in version normal on input line 228.

! LaTeX Error: \begin{document} ended by \end{theorem}.

See the LaTeX manual or LaTeX Companion for explanation.
Type  H <return>  for immediate help.
 ...                                              
                                                  
l.229 \end{theorem}
                   
Your command was ignored.
Type  I <command> <return>  to replace it with another command,
or  <return>  to continue without it.

LaTeX Font Info:    No math alphabet change to frozen version normal on input line 231.
LaTeX Font Info:    No math alphabet change to frozen version normal on input line 236.
LaTeX Font Info:    No math alphabet change to frozen version normal on input line 237.
LaTeX Font Info:    No math alphabet change to frozen version normal on input line 247.
LaTeX Font Info:    No math alphabet change to frozen version normal on input line 247.
LaTeX Font Info:    No math alphabet change to frozen version normal on input line 249.
LaTeX Font Info:    No math alphabet change to frozen version normal on input line 249.
LaTeX Font Info:    No math alphabet change to frozen version normal on input line 249.

Package fancyhdr Warning: \headheight is too small (12.0pt): 
(fancyhdr)                Make it at least 17.11104pt, for example:
(fancyhdr)                \setlength{\headheight}{17.11104pt}.
(fancyhdr)                You might also make \topmargin smaller:
(fancyhdr)                \addtolength{\topmargin}{-5.11104pt}.

[18]
LaTeX Font Info:    No math alphabet change to frozen version normal on input line 265.
LaTeX Font Info:    Undo math alphabet allocation in version normal on input line 267.
LaTeX Font Info:    No math alphabet change to frozen version normal on input line 268.


! LaTeX Error: Environment theorem undefined.

See the LaTeX manual or LaTeX Companion for explanation.
Type  H <return>  for immediate help.
 ...                                              
                                                  
l.270 \begin{theorem}
                     [Correctness preservation (informal)]
Your command was ignored.
Type  I <command> <return>  to replace it with another command,
or  <return>  to continue without it.

LaTeX Font Info:    No math alphabet change to frozen version normal on input line 273.
LaTeX Font Info:    No math alphabet change to frozen version normal on input line 273.
LaTeX Font Info:    No math alphabet change to frozen version normal on input line 278.

! LaTeX Error: \begin{document} ended by \end{theorem}.

See the LaTeX manual or LaTeX Companion for explanation.
Type  H <return>  for immediate help.
 ...                                              
                                                  
l.279 \end{theorem}
                   
Your command was ignored.
Type  I <command> <return>  to replace it with another command,
or  <return>  to continue without it.


! LaTeX Error: Environment theorem undefined.

See the LaTeX manual or LaTeX Companion for explanation.
Type  H <return>  for immediate help.
 ...                                              
                                                  
l.289 \begin{theorem}
                     [Canonical correctness form (informal)]
Your command was ignored.
Type  I <command> <return>  to replace it with another command,
or  <return>  to continue without it.

LaTeX Font Info:    No math alphabet change to frozen version normal on input line 290.
LaTeX Font Info:    Undo math alphabet allocation in version normal on input line 295.
LaTeX Font Info:    Undo math alphabet allocation in version normal on input line 296.

! LaTeX Error: \begin{document} ended by \end{theorem}.

See the LaTeX manual or LaTeX Companion for explanation.
Type  H <return>  for immediate help.
 ...                                              
                                                  
l.300 \end{theorem}
                   
Your command was ignored.
Type  I <command> <return>  to replace it with another command,
or  <return>  to continue without it.

LaTeX Font Info:    Undo math alphabet allocation in version normal on input line 305.
LaTeX Font Info:    No math alphabet change to frozen version normal on input line 331.
LaTeX Font Info:    No math alphabet change to frozen version normal on input line 332.
LaTeX Font Info:    Nested math: keeping math alphabet allocation in version normal on input line 334.
LaTeX Font Info:    Nested math: keeping math alphabet allocation in version normal on input line 334.
LaTeX Font Info:    Nested math: keeping math alphabet allocation in version normal on input line 334.
LaTeX Font Info:    No math alphabet change to frozen version normal on input line 335.
LaTeX Font Info:    No math alphabet change to frozen version normal on input line 336.
LaTeX Font Info:    No math alphabet change to frozen version normal on input line 336.
LaTeX Font Info:    No math alphabet change to frozen version normal on input line 336.
LaTeX Font Info:    No math alphabet change to frozen version normal on input line 337.
LaTeX Font Info:    No math alphabet change to frozen version normal on input line 342.
LaTeX Font Info:    No math alphabet change to frozen version normal on input line 343.
LaTeX Font Info:    No math alphabet change to frozen version normal on input line 344.
LaTeX Font Info:    Undo math alphabet allocation in version normal on input line 345.
LaTeX Font Info:    No math alphabet change to frozen version normal on input line 346.
LaTeX Font Info:    Undo math alphabet allocation in version normal on input line 346.
LaTeX Font Info:    No math alphabet change to frozen version normal on input line 347.
LaTeX Font Info:    No math alphabet change to frozen version normal on input line 347.

Package fancyhdr Warning: \headheight is too small (12.0pt): 
(fancyhdr)                Make it at least 17.11104pt, for example:
(fancyhdr)                \setlength{\headheight}{17.11104pt}.
(fancyhdr)                You might also make \topmargin smaller:
(fancyhdr)                \addtolength{\topmargin}{-5.11104pt}.

[19]
LaTeX Font Info:    No math alphabet change to frozen version normal on input line 355.
LaTeX Font Info:    No math alphabet change to frozen version normal on input line 357.
LaTeX Font Info:    No math alphabet change to frozen version normal on input line 357.
LaTeX Font Info:    No math alphabet change to frozen version normal on input line 360.
LaTeX Font Info:    No math alphabet change to frozen version normal on input line 364.
LaTeX Font Info:    No math alphabet change to frozen version normal on input line 365.
LaTeX Font Info:    No math alphabet change to frozen version normal on input line 366.
LaTeX Font Info:    No math alphabet change to frozen version normal on input line 366.
LaTeX Font Info:    No math alphabet change to frozen version normal on input line 368.
LaTeX Font Info:    No math alphabet change to frozen version normal on input line 368.
LaTeX Font Info:    No math alphabet change to frozen version normal on input line 369.
LaTeX Font Info:    No math alphabet change to frozen version normal on input line 373.
LaTeX Font Info:    No math alphabet change to frozen version normal on input line 398.
LaTeX Font Info:    No math alphabet change to frozen version normal on input line 399.


Package fancyhdr Warning: \headheight is too small (12.0pt): 
(fancyhdr)                Make it at least 17.11104pt, for example:
(fancyhdr)                \setlength{\headheight}{17.11104pt}.
(fancyhdr)                You might also make \topmargin smaller:
(fancyhdr)                \addtolength{\topmargin}{-5.11104pt}.

[20]
LaTeX Font Info:    No math alphabet change to frozen version normal on input line 427.
LaTeX Font Info:    No math alphabet change to frozen version normal on input line 428.


Package natbib Warning: Citation `anderson_deep_learning_physician_accuracy_2024' on page 21 undefined on input line 436.


Package natbib Warning: Citation `lai_concurrent_read_ai_2022' on page 21 undefined on input line 436.


Package natbib Warning: Citation `lim_medical_ai_workload_2025' on page 21 undefined on input line 436.


Package natbib Warning: Citation `washpost_ai_rewiring_minds_2025' on page 21 undefined on input line 453.


Package natbib Warning: Citation `guardian_ai_harming_intelligence_2025' on page 21 undefined on input line 453.

LaTeX Font Info:    No math alphabet change to frozen version normal on input line 460.
LaTeX Font Info:    No math alphabet change to frozen version normal on input line 467.
LaTeX Font Info:    No math alphabet change to frozen version normal on input line 470.
LaTeX Font Info:    No math alphabet change to frozen version normal on input line 471.
LaTeX Font Info:    No math alphabet change to frozen version normal on input line 475.
LaTeX Font Info:    No math alphabet change to frozen version normal on input line 483.

Package fancyhdr Warning: \headheight is too small (12.0pt): 
(fancyhdr)                Make it at least 17.11104pt, for example:
(fancyhdr)                \setlength{\headheight}{17.11104pt}.
(fancyhdr)                You might also make \topmargin smaller:
(fancyhdr)                \addtolength{\topmargin}{-5.11104pt}.

[21]
LaTeX Font Info:    No math alphabet change to frozen version normal on input line 490.
LaTeX Font Info:    No math alphabet change to frozen version normal on input line 491.
LaTeX Font Info:    No math alphabet change to frozen version normal on input line 498.
LaTeX Font Info:    No math alphabet change to frozen version normal on input line 506.
LaTeX Font Info:    No math alphabet change to frozen version normal on input line 508.
LaTeX Font Info:    No math alphabet change to frozen version normal on input line 508.
LaTeX Font Info:    No math alphabet change to frozen version normal on input line 509.
LaTeX Font Info:    No math alphabet change to frozen version normal on input line 510.
LaTeX Font Info:    No math alphabet change to frozen version normal on input line 511.
LaTeX Font Info:    No math alphabet change to frozen version normal on input line 512.
LaTeX Font Info:    No math alphabet change to frozen version normal on input line 514.
LaTeX Font Info:    Undo math alphabet allocation in version normal on input line 526.
LaTeX Font Info:    No math alphabet change to frozen version normal on input line 527.
LaTeX Font Info:    No math alphabet change to frozen version normal on input line 528.
LaTeX Font Info:    No math alphabet change to frozen version normal on input line 529.
LaTeX Font Info:    Undo math alphabet allocation in version normal on input line 529.
LaTeX Font Info:    No math alphabet change to frozen version normal on input line 530.
LaTeX Font Info:    No math alphabet change to frozen version normal on input line 535.
LaTeX Font Info:    Undo math alphabet allocation in version normal on input line 536.
LaTeX Font Info:    No math alphabet change to frozen version normal on input line 536.
LaTeX Font Info:    No math alphabet change to frozen version normal on input line 538.
LaTeX Font Info:    No math alphabet change to frozen version normal on input line 542.
LaTeX Font Info:    No math alphabet change to frozen version normal on input line 542.
LaTeX Font Info:    No math alphabet change to frozen version normal on input line 543.
LaTeX Font Info:    Undo math alphabet allocation in version normal on input line 547.
LaTeX Font Info:    No math alphabet change to frozen version normal on input line 548.
LaTeX Font Info:    No math alphabet change to frozen version normal on input line 548.
LaTeX Font Info:    No math alphabet change to frozen version normal on input line 558.
LaTeX Font Info:    No math alphabet change to frozen version normal on input line 561.
LaTeX Font Info:    No math alphabet change to frozen version normal on input line 561.
LaTeX Font Info:    No math alphabet change to frozen version normal on input line 562.
LaTeX Font Info:    No math alphabet change to frozen version normal on input line 562.


Package fancyhdr Warning: \headheight is too small (12.0pt): 
(fancyhdr)                Make it at least 17.11104pt, for example:
(fancyhdr)                \setlength{\headheight}{17.11104pt}.
(fancyhdr)                You might also make \topmargin smaller:
(fancyhdr)                \addtolength{\topmargin}{-5.11104pt}.

[22]
LaTeX Font Info:    No math alphabet change to frozen version normal on input line 565.
LaTeX Font Info:    No math alphabet change to frozen version normal on input line 565.
LaTeX Font Info:    No math alphabet change to frozen version normal on input line 567.
LaTeX Font Info:    No math alphabet change to frozen version normal on input line 572.
LaTeX Font Info:    No math alphabet change to frozen version normal on input line 572.
LaTeX Font Info:    No math alphabet change to frozen version normal on input line 578.
LaTeX Font Info:    Undo math alphabet allocation in version normal on input line 579.
LaTeX Font Info:    Undo math alphabet allocation in version normal on input line 580.
LaTeX Font Info:    No math alphabet change to frozen version normal on input line 580.
LaTeX Font Info:    No math alphabet change to frozen version normal on input line 580.
LaTeX Font Info:    Nested math: keeping math alphabet allocation in version normal on input line 583.
LaTeX Font Info:    Nested math: keeping math alphabet allocation in version normal on input line 583.
LaTeX Font Info:    Nested math: keeping math alphabet allocation in version normal on input line 583.
LaTeX Font Info:    Nested math: keeping math alphabet allocation in version normal on input line 583.
LaTeX Font Info:    Undo math alphabet allocation in version normal on input line 584.

Overfull \hbox (6.84242pt too wide) in paragraph at lines 591--591
[]\TS1/lmr/m/n/10 (-20) ˆ  
 []

LaTeX Font Info:    No math alphabet change to frozen version normal on input line 591.

Overfull \hbox (6.84242pt too wide) in paragraph at lines 593--593
[]\TS1/lmr/m/n/10 (-20) ˆ  
 []

LaTeX Font Info:    Undo math alphabet allocation in version normal on input line 593.

Overfull \hbox (6.84242pt too wide) in paragraph at lines 594--594
[]\TS1/lmr/m/n/10 (-20) ˆ  
 []

LaTeX Font Info:    No math alphabet change to frozen version normal on input line 594.
LaTeX Font Info:    Nested math: keeping math alphabet allocation in version normal on input line 601.
LaTeX Font Info:    Nested math: keeping math alphabet allocation in version normal on input line 601.
LaTeX Font Info:    Undo math alphabet allocation in version normal on input line 602.
LaTeX Font Info:    No math alphabet change to frozen version normal on input line 607.
LaTeX Font Info:    No math alphabet change to frozen version normal on input line 608.
LaTeX Font Info:    Nested math: keeping math alphabet allocation in version normal on input line 611.
LaTeX Font Info:    No math alphabet change to frozen version normal on input line 612.
LaTeX Font Info:    No math alphabet change to frozen version normal on input line 614.
LaTeX Font Info:    Undo math alphabet allocation in version normal on input line 618.
LaTeX Font Info:    No math alphabet change to frozen version normal on input line 623.
LaTeX Font Info:    No math alphabet change to frozen version normal on input line 627.
LaTeX Font Info:    No math alphabet change to frozen version normal on input line 628.
LaTeX Font Info:    No math alphabet change to frozen version normal on input line 629.
LaTeX Font Info:    No math alphabet change to frozen version normal on input line 630.
LaTeX Font Info:    Nested math: keeping math alphabet allocation in version normal on input line 633.
LaTeX Font Info:    Undo math alphabet allocation in version normal on input line 634.
LaTeX Font Info:    No math alphabet change to frozen version normal on input line 642.
LaTeX Font Info:    No math alphabet change to frozen version normal on input line 642.
LaTeX Font Info:    No math alphabet change to frozen version normal on input line 643.
LaTeX Font Info:    No math alphabet change to frozen version normal on input line 646.

! LaTeX Error: Environment theorem undefined.

See the LaTeX manual or LaTeX Companion for explanation.
Type  H <return>  for immediate help.
 ...                                              
                                                  
l.651 \begin{theorem}
                     [Hallucination inevitability, deterministic case]
Your command was ignored.
Type  I <command> <return>  to replace it with another command,
or  <return>  to continue without it.

LaTeX Font Info:    No math alphabet change to frozen version normal on input line 653.
LaTeX Font Info:    No math alphabet change to frozen version normal on input line 655.
LaTeX Font Info:    No math alphabet change to frozen version normal on input line 656.

Package fancyhdr Warning: \headheight is too small (12.0pt): 
(fancyhdr)                Make it at least 17.11104pt, for example:
(fancyhdr)                \setlength{\headheight}{17.11104pt}.
(fancyhdr)                You might also make \topmargin smaller:
(fancyhdr)                \addtolength{\topmargin}{-5.11104pt}.

[23]
LaTeX Font Info:    Undo math alphabet allocation in version normal on input line 659.


! LaTeX Error: \begin{document} ended by \end{theorem}.

See the LaTeX manual or LaTeX Companion for explanation.
Type  H <return>  for immediate help.
 ...                                              
                                                  
l.662 \end{theorem}
                   
Your command was ignored.
Type  I <command> <return>  to replace it with another command,
or  <return>  to continue without it.

LaTeX Font Info:    No math alphabet change to frozen version normal on input line 672.
LaTeX Font Info:    No math alphabet change to frozen version normal on input line 678.
LaTeX Font Info:    No math alphabet change to frozen version normal on input line 680.
LaTeX Font Info:    No math alphabet change to frozen version normal on input line 681.
LaTeX Font Info:    No math alphabet change to frozen version normal on input line 681.
LaTeX Font Info:    No math alphabet change to frozen version normal on input line 681.
LaTeX Font Info:    No math alphabet change to frozen version normal on input line 683.
LaTeX Font Info:    No math alphabet change to frozen version normal on input line 684.
LaTeX Font Info:    No math alphabet change to frozen version normal on input line 687.
LaTeX Font Info:    No math alphabet change to frozen version normal on input line 688.
LaTeX Font Info:    Undo math alphabet allocation in version normal on input line 691.
LaTeX Font Info:    No math alphabet change to frozen version normal on input line 691.
LaTeX Font Info:    No math alphabet change to frozen version normal on input line 693.
LaTeX Font Info:    No math alphabet change to frozen version normal on input line 694.
LaTeX Font Info:    No math alphabet change to frozen version normal on input line 694.
LaTeX Font Info:    No math alphabet change to frozen version normal on input line 697.
LaTeX Font Info:    No math alphabet change to frozen version normal on input line 697.
LaTeX Font Info:    No math alphabet change to frozen version normal on input line 698.
LaTeX Font Info:    No math alphabet change to frozen version normal on input line 699.
LaTeX Font Info:    No math alphabet change to frozen version normal on input line 700.
LaTeX Font Info:    No math alphabet change to frozen version normal on input line 701.
LaTeX Font Info:    No math alphabet change to frozen version normal on input line 704.
LaTeX Font Info:    No math alphabet change to frozen version normal on input line 719.
LaTeX Font Info:    No math alphabet change to frozen version normal on input line 719.
LaTeX Font Info:    No math alphabet change to frozen version normal on input line 719.
LaTeX Font Info:    No math alphabet change to frozen version normal on input line 722.
LaTeX Font Info:    Undo math alphabet allocation in version normal on input line 728.
LaTeX Font Info:    No math alphabet change to frozen version normal on input line 729.
LaTeX Font Info:    No math alphabet change to frozen version normal on input line 733.
LaTeX Font Info:    No math alphabet change to frozen version normal on input line 733.
LaTeX Font Info:    No math alphabet change to frozen version normal on input line 735.
LaTeX Font Info:    No math alphabet change to frozen version normal on input line 737.
LaTeX Font Info:    No math alphabet change to frozen version normal on input line 738.
LaTeX Font Info:    No math alphabet change to frozen version normal on input line 738.
LaTeX Font Info:    No math alphabet change to frozen version normal on input line 739.
LaTeX Font Info:    No math alphabet change to frozen version normal on input line 739.
LaTeX Font Info:    No math alphabet change to frozen version normal on input line 740.
LaTeX Font Info:    No math alphabet change to frozen version normal on input line 741.

Package fancyhdr Warning: \headheight is too small (12.0pt): 
(fancyhdr)                Make it at least 17.11104pt, for example:
(fancyhdr)                \setlength{\headheight}{17.11104pt}.
(fancyhdr)                You might also make \topmargin smaller:
(fancyhdr)                \addtolength{\topmargin}{-5.11104pt}.

[24]
LaTeX Font Info:    No math alphabet change to frozen version normal on input line 767.
LaTeX Font Info:    No math alphabet change to frozen version normal on input line 767.
LaTeX Font Info:    No math alphabet change to frozen version normal on input line 767.
LaTeX Font Info:    No math alphabet change to frozen version normal on input line 769.
LaTeX Font Info:    No math alphabet change to frozen version normal on input line 769.
LaTeX Font Info:    No math alphabet change to frozen version normal on input line 769.
LaTeX Font Info:    No math alphabet change to frozen version normal on input line 769.
LaTeX Font Info:    No math alphabet change to frozen version normal on input line 769.
LaTeX Font Info:    No math alphabet change to frozen version normal on input line 785.
LaTeX Font Info:    No math alphabet change to frozen version normal on input line 786.
LaTeX Font Info:    No math alphabet change to frozen version normal on input line 786.
LaTeX Font Info:    No math alphabet change to frozen version normal on input line 787.
LaTeX Font Info:    No math alphabet change to frozen version normal on input line 788.
LaTeX Font Info:    No math alphabet change to frozen version normal on input line 788.
LaTeX Font Info:    Nested math: keeping math alphabet allocation in version normal on input line 792.
LaTeX Font Info:    Nested math: keeping math alphabet allocation in version normal on input line 792.


Package fancyhdr Warning: \headheight is too small (12.0pt): 
(fancyhdr)                Make it at least 17.11104pt, for example:
(fancyhdr)                \setlength{\headheight}{17.11104pt}.
(fancyhdr)                You might also make \topmargin smaller:
(fancyhdr)                \addtolength{\topmargin}{-5.11104pt}.

[25]
LaTeX Font Info:    No math alphabet change to frozen version normal on input line 793.
LaTeX Font Info:    No math alphabet change to frozen version normal on input line 794.
LaTeX Font Info:    No math alphabet change to frozen version normal on input line 794.
LaTeX Font Info:    No math alphabet change to frozen version normal on input line 794.
LaTeX Font Info:    No math alphabet change to frozen version normal on input line 800.
LaTeX Font Info:    No math alphabet change to frozen version normal on input line 801.
LaTeX Font Info:    No math alphabet change to frozen version normal on input line 801.
LaTeX Font Info:    No math alphabet change to frozen version normal on input line 804.
LaTeX Font Info:    No math alphabet change to frozen version normal on input line 805.
LaTeX Font Info:    No math alphabet change to frozen version normal on input line 805.
LaTeX Font Info:    No math alphabet change to frozen version normal on input line 810.
LaTeX Font Info:    No math alphabet change to frozen version normal on input line 811.
LaTeX Font Info:    No math alphabet change to frozen version normal on input line 811.
LaTeX Font Info:    No math alphabet change to frozen version normal on input line 811.
LaTeX Font Info:    No math alphabet change to frozen version normal on input line 811.
LaTeX Font Info:    Nested math: keeping math alphabet allocation in version normal on input line 815.
LaTeX Font Info:    Nested math: keeping math alphabet allocation in version normal on input line 815.
LaTeX Font Info:    Nested math: keeping math alphabet allocation in version normal on input line 815.
LaTeX Font Info:    Nested math: keeping math alphabet allocation in version normal on input line 815.
LaTeX Font Info:    No math alphabet change to frozen version normal on input line 816.
LaTeX Font Info:    No math alphabet change to frozen version normal on input line 817.
LaTeX Font Info:    Nested math: keeping math alphabet allocation in version normal on input line 819.
LaTeX Font Info:    Nested math: keeping math alphabet allocation in version normal on input line 819.
LaTeX Font Info:    No math alphabet change to frozen version normal on input line 820.
LaTeX Font Info:    No math alphabet change to frozen version normal on input line 821.
LaTeX Font Info:    No math alphabet change to frozen version normal on input line 825.
LaTeX Font Info:    No math alphabet change to frozen version normal on input line 825.
LaTeX Font Info:    No math alphabet change to frozen version normal on input line 825.
LaTeX Font Info:    No math alphabet change to frozen version normal on input line 828.
LaTeX Font Info:    No math alphabet change to frozen version normal on input line 829.
LaTeX Font Info:    No math alphabet change to frozen version normal on input line 830.
LaTeX Font Info:    Nested math: keeping math alphabet allocation in version normal on input line 836.
LaTeX Font Info:    Nested math: keeping math alphabet allocation in version normal on input line 836.
LaTeX Font Info:    Nested math: keeping math alphabet allocation in version normal on input line 836.
LaTeX Font Info:    Nested math: keeping math alphabet allocation in version normal on input line 836.
LaTeX Font Info:    Nested math: keeping math alphabet allocation in version normal on input line 836.
LaTeX Font Info:    Nested math: keeping math alphabet allocation in version normal on input line 836.
LaTeX Font Info:    No math alphabet change to frozen version normal on input line 837.
LaTeX Font Info:    No math alphabet change to frozen version normal on input line 838.
LaTeX Font Info:    No math alphabet change to frozen version normal on input line 838.
LaTeX Font Info:    No math alphabet change to frozen version normal on input line 838.
LaTeX Font Info:    Nested math: keeping math alphabet allocation in version normal on input line 840.
LaTeX Font Info:    Nested math: keeping math alphabet allocation in version normal on input line 840.
LaTeX Font Info:    Nested math: keeping math alphabet allocation in version normal on input line 840.
LaTeX Font Info:    Nested math: keeping math alphabet allocation in version normal on input line 840.
LaTeX Font Info:    No math alphabet change to frozen version normal on input line 841.
LaTeX Font Info:    No math alphabet change to frozen version normal on input line 842.
LaTeX Font Info:    No math alphabet change to frozen version normal on input line 843.
LaTeX Font Info:    No math alphabet change to frozen version normal on input line 843.


Package fancyhdr Warning: \headheight is too small (12.0pt): 
(fancyhdr)                Make it at least 17.11104pt, for example:
(fancyhdr)                \setlength{\headheight}{17.11104pt}.
(fancyhdr)                You might also make \topmargin smaller:
(fancyhdr)                \addtolength{\topmargin}{-5.11104pt}.

[26]
LaTeX Font Info:    No math alphabet change to frozen version normal on input line 847.
LaTeX Font Info:    No math alphabet change to frozen version normal on input line 848.
LaTeX Font Info:    No math alphabet change to frozen version normal on input line 848.
LaTeX Font Info:    No math alphabet change to frozen version normal on input line 849.
LaTeX Font Info:    No math alphabet change to frozen version normal on input line 849.
LaTeX Font Info:    No math alphabet change to frozen version normal on input line 850.
LaTeX Font Info:    No math alphabet change to frozen version normal on input line 856.
LaTeX Font Info:    No math alphabet change to frozen version normal on input line 857.
LaTeX Font Info:    No math alphabet change to frozen version normal on input line 857.
LaTeX Font Info:    No math alphabet change to frozen version normal on input line 857.
LaTeX Font Info:    No math alphabet change to frozen version normal on input line 857.
LaTeX Font Info:    No math alphabet change to frozen version normal on input line 863.
LaTeX Font Info:    Nested math: keeping math alphabet allocation in version normal on input line 865.
LaTeX Font Info:    Nested math: keeping math alphabet allocation in version normal on input line 865.
LaTeX Font Info:    No math alphabet change to frozen version normal on input line 866.
LaTeX Font Info:    No math alphabet change to frozen version normal on input line 867.
LaTeX Font Info:    No math alphabet change to frozen version normal on input line 867.
LaTeX Font Info:    No math alphabet change to frozen version normal on input line 867.
LaTeX Font Info:    No math alphabet change to frozen version normal on input line 867.
LaTeX Font Info:    No math alphabet change to frozen version normal on input line 869.
LaTeX Font Info:    No math alphabet change to frozen version normal on input line 869.
LaTeX Font Info:    No math alphabet change to frozen version normal on input line 869.
LaTeX Font Info:    No math alphabet change to frozen version normal on input line 870.
LaTeX Font Info:    No math alphabet change to frozen version normal on input line 873.
LaTeX Font Info:    No math alphabet change to frozen version normal on input line 874.
LaTeX Font Info:    No math alphabet change to frozen version normal on input line 876.
LaTeX Font Info:    No math alphabet change to frozen version normal on input line 876.
LaTeX Font Info:    No math alphabet change to frozen version normal on input line 876.
LaTeX Font Info:    No math alphabet change to frozen version normal on input line 879.
LaTeX Font Info:    Nested math: keeping math alphabet allocation in version normal on input line 882.
LaTeX Font Info:    No math alphabet change to frozen version normal on input line 883.
LaTeX Font Info:    No math alphabet change to frozen version normal on input line 884.
LaTeX Font Info:    No math alphabet change to frozen version normal on input line 886.
LaTeX Font Info:    Nested math: keeping math alphabet allocation in version normal on input line 888.
LaTeX Font Info:    Nested math: keeping math alphabet allocation in version normal on input line 888.
LaTeX Font Info:    No math alphabet change to frozen version normal on input line 889.


Package fancyhdr Warning: \headheight is too small (12.0pt): 
(fancyhdr)                Make it at least 17.11104pt, for example:
(fancyhdr)                \setlength{\headheight}{17.11104pt}.
(fancyhdr)                You might also make \topmargin smaller:
(fancyhdr)                \addtolength{\topmargin}{-5.11104pt}.

[27]
LaTeX Font Info:    Nested math: keeping math alphabet allocation in version normal on input line 896.
LaTeX Font Info:    Nested math: keeping math alphabet allocation in version normal on input line 896.
LaTeX Font Info:    Nested math: keeping math alphabet allocation in version normal on input line 896.
LaTeX Font Info:    Nested math: keeping math alphabet allocation in version normal on input line 896.
LaTeX Font Info:    No math alphabet change to frozen version normal on input line 897.
LaTeX Font Info:    No math alphabet change to frozen version normal on input line 898.
LaTeX Font Info:    No math alphabet change to frozen version normal on input line 898.
LaTeX Font Info:    No math alphabet change to frozen version normal on input line 898.
LaTeX Font Info:    No math alphabet change to frozen version normal on input line 898.
LaTeX Font Info:    No math alphabet change to frozen version normal on input line 900.
LaTeX Font Info:    No math alphabet change to frozen version normal on input line 900.
LaTeX Font Info:    No math alphabet change to frozen version normal on input line 900.
LaTeX Font Info:    No math alphabet change to frozen version normal on input line 903.
LaTeX Font Info:    No math alphabet change to frozen version normal on input line 904.
LaTeX Font Info:    No math alphabet change to frozen version normal on input line 904.
LaTeX Font Info:    No math alphabet change to frozen version normal on input line 904.
LaTeX Font Info:    No math alphabet change to frozen version normal on input line 904.
LaTeX Font Info:    No math alphabet change to frozen version normal on input line 904.
LaTeX Font Info:    No math alphabet change to frozen version normal on input line 913.
LaTeX Font Info:    Nested math: keeping math alphabet allocation in version normal on input line 915.
LaTeX Font Info:    Nested math: keeping math alphabet allocation in version normal on input line 915.
LaTeX Font Info:    Nested math: keeping math alphabet allocation in version normal on input line 915.
LaTeX Font Info:    Nested math: keeping math alphabet allocation in version normal on input line 915.
LaTeX Font Info:    No math alphabet change to frozen version normal on input line 916.
LaTeX Font Info:    No math alphabet change to frozen version normal on input line 917.
LaTeX Font Info:    No math alphabet change to frozen version normal on input line 917.
LaTeX Font Info:    No math alphabet change to frozen version normal on input line 917.
LaTeX Font Info:    No math alphabet change to frozen version normal on input line 917.
LaTeX Font Info:    No math alphabet change to frozen version normal on input line 917.
LaTeX Font Info:    No math alphabet change to frozen version normal on input line 920.
LaTeX Font Info:    No math alphabet change to frozen version normal on input line 920.
LaTeX Font Info:    No math alphabet change to frozen version normal on input line 920.
LaTeX Font Info:    No math alphabet change to frozen version normal on input line 920.
LaTeX Font Info:    Nested math: keeping math alphabet allocation in version normal on input line 922.
LaTeX Font Info:    Nested math: keeping math alphabet allocation in version normal on input line 922.
LaTeX Font Info:    No math alphabet change to frozen version normal on input line 924.
LaTeX Font Info:    No math alphabet change to frozen version normal on input line 925.
LaTeX Font Info:    No math alphabet change to frozen version normal on input line 925.
LaTeX Font Info:    No math alphabet change to frozen version normal on input line 925.
LaTeX Font Info:    No math alphabet change to frozen version normal on input line 925.
LaTeX Font Info:    No math alphabet change to frozen version normal on input line 925.


Package fancyhdr Warning: \headheight is too small (12.0pt): 
(fancyhdr)                Make it at least 17.11104pt, for example:
(fancyhdr)                \setlength{\headheight}{17.11104pt}.
(fancyhdr)                You might also make \topmargin smaller:
(fancyhdr)                \addtolength{\topmargin}{-5.11104pt}.

[28]
LaTeX Font Info:    No math alphabet change to frozen version normal on input line 928.
LaTeX Font Info:    No math alphabet change to frozen version normal on input line 931.
LaTeX Font Info:    No math alphabet change to frozen version normal on input line 935.
LaTeX Font Info:    No math alphabet change to frozen version normal on input line 945.
LaTeX Font Info:    No math alphabet change to frozen version normal on input line 975.
LaTeX Font Info:    No math alphabet change to frozen version normal on input line 975.
LaTeX Font Info:    No math alphabet change to frozen version normal on input line 975.
LaTeX Font Info:    No math alphabet change to frozen version normal on input line 975.


Package fancyhdr Warning: \headheight is too small (12.0pt): 
(fancyhdr)                Make it at least 17.11104pt, for example:
(fancyhdr)                \setlength{\headheight}{17.11104pt}.
(fancyhdr)                You might also make \topmargin smaller:
(fancyhdr)                \addtolength{\topmargin}{-5.11104pt}.

[29]
LaTeX Font Info:    No math alphabet change to frozen version normal on input line 978.
LaTeX Font Info:    No math alphabet change to frozen version normal on input line 986.
LaTeX Font Info:    No math alphabet change to frozen version normal on input line 986.
LaTeX Font Info:    No math alphabet change to frozen version normal on input line 992.
LaTeX Font Info:    No math alphabet change to frozen version normal on input line 1000.


Package fancyhdr Warning: \headheight is too small (12.0pt): 
(fancyhdr)                Make it at least 17.11104pt, for example:
(fancyhdr)                \setlength{\headheight}{17.11104pt}.
(fancyhdr)                You might also make \topmargin smaller:
(fancyhdr)                \addtolength{\topmargin}{-5.11104pt}.

[30]
LaTeX Font Info:    No math alphabet change to frozen version normal on input line 1007.
LaTeX Font Info:    No math alphabet change to frozen version normal on input line 1008.
LaTeX Font Info:    No math alphabet change to frozen version normal on input line 1009.
LaTeX Font Info:    No math alphabet change to frozen version normal on input line 1010.
LaTeX Font Info:    Nested math: keeping math alphabet allocation in version normal on input line 1012.
LaTeX Font Info:    Nested math: keeping math alphabet allocation in version normal on input line 1012.
LaTeX Font Info:    Nested math: keeping math alphabet allocation in version normal on input line 1012.
LaTeX Font Info:    Nested math: keeping math alphabet allocation in version normal on input line 1012.
LaTeX Font Info:    No math alphabet change to frozen version normal on input line 1013.
LaTeX Font Info:    No math alphabet change to frozen version normal on input line 1014.
LaTeX Font Info:    No math alphabet change to frozen version normal on input line 1022.
LaTeX Font Info:    No math alphabet change to frozen version normal on input line 1024.
LaTeX Font Info:    No math alphabet change to frozen version normal on input line 1024.
LaTeX Font Info:    No math alphabet change to frozen version normal on input line 1024.
LaTeX Font Info:    Nested math: keeping math alphabet allocation in version normal on input line 1027.
LaTeX Font Info:    Nested math: keeping math alphabet allocation in version normal on input line 1027.
LaTeX Font Info:    Nested math: keeping math alphabet allocation in version normal on input line 1027.
LaTeX Font Info:    Nested math: keeping math alphabet allocation in version normal on input line 1027.
LaTeX Font Info:    No math alphabet change to frozen version normal on input line 1028.
LaTeX Font Info:    No math alphabet change to frozen version normal on input line 1033.
LaTeX Font Info:    No math alphabet change to frozen version normal on input line 1034.
LaTeX Font Info:    No math alphabet change to frozen version normal on input line 1035.
LaTeX Font Info:    No math alphabet change to frozen version normal on input line 1035.
LaTeX Font Info:    No math alphabet change to frozen version normal on input line 1036.
LaTeX Font Info:    No math alphabet change to frozen version normal on input line 1039.
LaTeX Font Info:    No math alphabet change to frozen version normal on input line 1041.
LaTeX Font Info:    Undo math alphabet allocation in version normal on input line 1041.
LaTeX Font Info:    No math alphabet change to frozen version normal on input line 1043.
LaTeX Font Info:    No math alphabet change to frozen version normal on input line 1043.
LaTeX Font Info:    No math alphabet change to frozen version normal on input line 1043.


Package fancyhdr Warning: \headheight is too small (12.0pt): 
(fancyhdr)                Make it at least 17.11104pt, for example:
(fancyhdr)                \setlength{\headheight}{17.11104pt}.
(fancyhdr)                You might also make \topmargin smaller:
(fancyhdr)                \addtolength{\topmargin}{-5.11104pt}.

[31]
LaTeX Font Info:    No math alphabet change to frozen version normal on input line 1051.
LaTeX Font Info:    No math alphabet change to frozen version normal on input line 1052.
LaTeX Font Info:    No math alphabet change to frozen version normal on input line 1052.
LaTeX Font Info:    Nested math: keeping math alphabet allocation in version normal on input line 1055.
LaTeX Font Info:    Nested math: keeping math alphabet allocation in version normal on input line 1055.
LaTeX Font Info:    Nested math: keeping math alphabet allocation in version normal on input line 1055.
LaTeX Font Info:    Nested math: keeping math alphabet allocation in version normal on input line 1055.
LaTeX Font Info:    No math alphabet change to frozen version normal on input line 1056.
LaTeX Font Info:    No math alphabet change to frozen version normal on input line 1058.
LaTeX Font Info:    No math alphabet change to frozen version normal on input line 1058.
LaTeX Font Info:    No math alphabet change to frozen version normal on input line 1060.
LaTeX Font Info:    No math alphabet change to frozen version normal on input line 1060.
LaTeX Font Info:    No math alphabet change to frozen version normal on input line 1060.
LaTeX Font Info:    No math alphabet change to frozen version normal on input line 1060.
LaTeX Font Info:    No math alphabet change to frozen version normal on input line 1060.
LaTeX Font Info:    No math alphabet change to frozen version normal on input line 1060.
LaTeX Font Info:    No math alphabet change to frozen version normal on input line 1062.
LaTeX Font Info:    No math alphabet change to frozen version normal on input line 1062.
LaTeX Font Info:    No math alphabet change to frozen version normal on input line 1068.
LaTeX Font Info:    No math alphabet change to frozen version normal on input line 1068.
LaTeX Font Info:    No math alphabet change to frozen version normal on input line 1073.
LaTeX Font Info:    No math alphabet change to frozen version normal on input line 1074.
LaTeX Font Info:    No math alphabet change to frozen version normal on input line 1074.
LaTeX Font Info:    No math alphabet change to frozen version normal on input line 1075.
LaTeX Font Info:    No math alphabet change to frozen version normal on input line 1075.
LaTeX Font Info:    No math alphabet change to frozen version normal on input line 1077.
LaTeX Font Info:    No math alphabet change to frozen version normal on input line 1077.


Package fancyhdr Warning: \headheight is too small (12.0pt): 
(fancyhdr)                Make it at least 17.11104pt, for example:
(fancyhdr)                \setlength{\headheight}{17.11104pt}.
(fancyhdr)                You might also make \topmargin smaller:
(fancyhdr)                \addtolength{\topmargin}{-5.11104pt}.

[32]
LaTeX Font Info:    No math alphabet change to frozen version normal on input line 1089.
LaTeX Font Info:    No math alphabet change to frozen version normal on input line 1089.
LaTeX Font Info:    No math alphabet change to frozen version normal on input line 1089.
LaTeX Font Info:    No math alphabet change to frozen version normal on input line 1091.
LaTeX Font Info:    No math alphabet change to frozen version normal on input line 1091.
LaTeX Font Info:    No math alphabet change to frozen version normal on input line 1091.
LaTeX Font Info:    No math alphabet change to frozen version normal on input line 1091.
LaTeX Font Info:    No math alphabet change to frozen version normal on input line 1091.
LaTeX Font Info:    No math alphabet change to frozen version normal on input line 1094.
LaTeX Font Info:    Nested math: keeping math alphabet allocation in version normal on input line 1096.
LaTeX Font Info:    Nested math: keeping math alphabet allocation in version normal on input line 1096.
LaTeX Font Info:    Nested math: keeping math alphabet allocation in version normal on input line 1096.
LaTeX Font Info:    Nested math: keeping math alphabet allocation in version normal on input line 1096.
LaTeX Font Info:    No math alphabet change to frozen version normal on input line 1097.
LaTeX Font Info:    No math alphabet change to frozen version normal on input line 1098.
LaTeX Font Info:    No math alphabet change to frozen version normal on input line 1101.
LaTeX Font Info:    No math alphabet change to frozen version normal on input line 1101.
LaTeX Font Info:    No math alphabet change to frozen version normal on input line 1101.
LaTeX Font Info:    No math alphabet change to frozen version normal on input line 1105.
LaTeX Font Info:    No math alphabet change to frozen version normal on input line 1107.
LaTeX Font Info:    No math alphabet change to frozen version normal on input line 1107.


Package fancyhdr Warning: \headheight is too small (12.0pt): 
(fancyhdr)                Make it at least 17.11104pt, for example:
(fancyhdr)                \setlength{\headheight}{17.11104pt}.
(fancyhdr)                You might also make \topmargin smaller:
(fancyhdr)                \addtolength{\topmargin}{-5.11104pt}.

[33]
LaTeX Font Info:    No math alphabet change to frozen version normal on input line 1115.
LaTeX Font Info:    No math alphabet change to frozen version normal on input line 1115.
LaTeX Font Info:    No math alphabet change to frozen version normal on input line 1116.
LaTeX Font Info:    No math alphabet change to frozen version normal on input line 1116.
LaTeX Font Info:    No math alphabet change to frozen version normal on input line 1139.
LaTeX Font Info:    No math alphabet change to frozen version normal on input line 1140.
LaTeX Font Info:    No math alphabet change to frozen version normal on input line 1141.
LaTeX Font Info:    No math alphabet change to frozen version normal on input line 1143.
LaTeX Font Info:    No math alphabet change to frozen version normal on input line 1143.


Package fancyhdr Warning: \headheight is too small (12.0pt): 
(fancyhdr)                Make it at least 17.11104pt, for example:
(fancyhdr)                \setlength{\headheight}{17.11104pt}.
(fancyhdr)                You might also make \topmargin smaller:
(fancyhdr)                \addtolength{\topmargin}{-5.11104pt}.

[34]
LaTeX Font Info:    No math alphabet change to frozen version normal on input line 1146.
LaTeX Font Info:    No math alphabet change to frozen version normal on input line 1149.
LaTeX Font Info:    No math alphabet change to frozen version normal on input line 1153.
LaTeX Font Info:    No math alphabet change to frozen version normal on input line 1153.
LaTeX Font Info:    No math alphabet change to frozen version normal on input line 1153.
LaTeX Font Info:    No math alphabet change to frozen version normal on input line 1153.
LaTeX Font Info:    No math alphabet change to frozen version normal on input line 1155.
LaTeX Font Info:    No math alphabet change to frozen version normal on input line 1157.
LaTeX Font Info:    No math alphabet change to frozen version normal on input line 1157.
LaTeX Font Info:    No math alphabet change to frozen version normal on input line 1161.
LaTeX Font Info:    No math alphabet change to frozen version normal on input line 1161.
LaTeX Font Info:    No math alphabet change to frozen version normal on input line 1161.
LaTeX Font Info:    No math alphabet change to frozen version normal on input line 1163.
LaTeX Font Info:    No math alphabet change to frozen version normal on input line 1163.
LaTeX Font Info:    No math alphabet change to frozen version normal on input line 1166.
LaTeX Font Info:    Undo math alphabet allocation in version normal on input line 1176.
LaTeX Font Info:    Undo math alphabet allocation in version normal on input line 1177.
LaTeX Font Info:    No math alphabet change to frozen version normal on input line 1177.
LaTeX Font Info:    No math alphabet change to frozen version normal on input line 1177.
LaTeX Font Info:    No math alphabet change to frozen version normal on input line 1177.
LaTeX Font Info:    No math alphabet change to frozen version normal on input line 1177.


Package fancyhdr Warning: \headheight is too small (12.0pt): 
(fancyhdr)                Make it at least 17.11104pt, for example:
(fancyhdr)                \setlength{\headheight}{17.11104pt}.
(fancyhdr)                You might also make \topmargin smaller:
(fancyhdr)                \addtolength{\topmargin}{-5.11104pt}.

[35]
LaTeX Font Info:    No math alphabet change to frozen version normal on input line 1184.
LaTeX Font Info:    No math alphabet change to frozen version normal on input line 1187.
LaTeX Font Info:    No math alphabet change to frozen version normal on input line 1193.
LaTeX Font Info:    No math alphabet change to frozen version normal on input line 1197.
LaTeX Font Info:    No math alphabet change to frozen version normal on input line 1213.
LaTeX Font Info:    No math alphabet change to frozen version normal on input line 1213.
LaTeX Font Info:    Undo math alphabet allocation in version normal on input line 1213.


Package fancyhdr Warning: \headheight is too small (12.0pt): 
(fancyhdr)                Make it at least 17.11104pt, for example:
(fancyhdr)                \setlength{\headheight}{17.11104pt}.
(fancyhdr)                You might also make \topmargin smaller:
(fancyhdr)                \addtolength{\topmargin}{-5.11104pt}.

[36]
LaTeX Font Info:    Undo math alphabet allocation in version normal on input line 1218.
LaTeX Font Info:    No math alphabet change to frozen version normal on input line 1219.
LaTeX Font Info:    No math alphabet change to frozen version normal on input line 1219.
LaTeX Font Info:    No math alphabet change to frozen version normal on input line 1219.
LaTeX Font Info:    No math alphabet change to frozen version normal on input line 1233.
LaTeX Font Info:    Undo math alphabet allocation in version normal on input line 1245.


Package fancyhdr Warning: \headheight is too small (12.0pt): 
(fancyhdr)                Make it at least 17.11104pt, for example:
(fancyhdr)                \setlength{\headheight}{17.11104pt}.
(fancyhdr)                You might also make \topmargin smaller:
(fancyhdr)                \addtolength{\topmargin}{-5.11104pt}.

[37]
LaTeX Font Info:    Undo math alphabet allocation in version normal on input line 1280.
LaTeX Font Info:    No math alphabet change to frozen version normal on input line 1283.
LaTeX Font Info:    No math alphabet change to frozen version normal on input line 1295.


Package fancyhdr Warning: \headheight is too small (12.0pt): 
(fancyhdr)                Make it at least 17.11104pt, for example:
(fancyhdr)                \setlength{\headheight}{17.11104pt}.
(fancyhdr)                You might also make \topmargin smaller:
(fancyhdr)                \addtolength{\topmargin}{-5.11104pt}.

[38]
LaTeX Font Info:    No math alphabet change to frozen version normal on input line 1315.
LaTeX Font Info:    Undo math alphabet allocation in version normal on input line 1316.
LaTeX Font Info:    No math alphabet change to frozen version normal on input line 1317.
LaTeX Font Info:    No math alphabet change to frozen version normal on input line 1318.
LaTeX Font Info:    Undo math alphabet allocation in version normal on input line 1319.
LaTeX Font Info:    Undo math alphabet allocation in version normal on input line 1320.
LaTeX Font Info:    No math alphabet change to frozen version normal on input line 1326.
LaTeX Font Info:    No math alphabet change to frozen version normal on input line 1327.
LaTeX Font Info:    No math alphabet change to frozen version normal on input line 1327.


Package fancyhdr Warning: \headheight is too small (12.0pt): 
(fancyhdr)                Make it at least 17.11104pt, for example:
(fancyhdr)                \setlength{\headheight}{17.11104pt}.
(fancyhdr)                You might also make \topmargin smaller:
(fancyhdr)                \addtolength{\topmargin}{-5.11104pt}.

[39]
LaTeX Font Info:    No math alphabet change to frozen version normal on input line 1334.
LaTeX Font Info:    No math alphabet change to frozen version normal on input line 1349.
LaTeX Font Info:    No math alphabet change to frozen version normal on input line 1355.
LaTeX Font Info:    No math alphabet change to frozen version normal on input line 1355.


Package fancyhdr Warning: \headheight is too small (12.0pt): 
(fancyhdr)                Make it at least 17.11104pt, for example:
(fancyhdr)                \setlength{\headheight}{17.11104pt}.
(fancyhdr)                You might also make \topmargin smaller:
(fancyhdr)                \addtolength{\topmargin}{-5.11104pt}.

[40]

Package fancyhdr Warning: \headheight is too small (12.0pt): 
(fancyhdr)                Make it at least 17.11104pt, for example:
(fancyhdr)                \setlength{\headheight}{17.11104pt}.
(fancyhdr)                You might also make \topmargin smaller:
(fancyhdr)                \addtolength{\topmargin}{-5.11104pt}.

[41]
LaTeX Font Info:    No math alphabet change to frozen version normal on input line 1415.
LaTeX Font Info:    No math alphabet change to frozen version normal on input line 1418.
LaTeX Font Info:    No math alphabet change to frozen version normal on input line 1427.
LaTeX Font Info:    No math alphabet change to frozen version normal on input line 1427.
LaTeX Font Info:    No math alphabet change to frozen version normal on input line 1427.
LaTeX Font Info:    No math alphabet change to frozen version normal on input line 1427.
LaTeX Font Info:    No math alphabet change to frozen version normal on input line 1427.
LaTeX Font Info:    No math alphabet change to frozen version normal on input line 1427.


Package fancyhdr Warning: \headheight is too small (12.0pt): 
(fancyhdr)                Make it at least 17.11104pt, for example:
(fancyhdr)                \setlength{\headheight}{17.11104pt}.
(fancyhdr)                You might also make \topmargin smaller:
(fancyhdr)                \addtolength{\topmargin}{-5.11104pt}.

[42]
LaTeX Font Info:    No math alphabet change to frozen version normal on input line 1447.
LaTeX Font Info:    No math alphabet change to frozen version normal on input line 1453.
LaTeX Font Info:    No math alphabet change to frozen version normal on input line 1453.
LaTeX Font Info:    No math alphabet change to frozen version normal on input line 1464.
LaTeX Font Info:    No math alphabet change to frozen version normal on input line 1465.
LaTeX Font Info:    No math alphabet change to frozen version normal on input line 1467.
LaTeX Font Info:    No math alphabet change to frozen version normal on input line 1467.
LaTeX Font Info:    No math alphabet change to frozen version normal on input line 1468.
LaTeX Font Info:    No math alphabet change to frozen version normal on input line 1473.
LaTeX Font Info:    No math alphabet change to frozen version normal on input line 1473.


Package fancyhdr Warning: \headheight is too small (12.0pt): 
(fancyhdr)                Make it at least 17.11104pt, for example:
(fancyhdr)                \setlength{\headheight}{17.11104pt}.
(fancyhdr)                You might also make \topmargin smaller:
(fancyhdr)                \addtolength{\topmargin}{-5.11104pt}.

[43]
LaTeX Font Info:    No math alphabet change to frozen version normal on input line 1505.
LaTeX Font Info:    No math alphabet change to frozen version normal on input line 1521.
LaTeX Font Info:    No math alphabet change to frozen version normal on input line 1525.
LaTeX Font Info:    No math alphabet change to frozen version normal on input line 1527.


Package fancyhdr Warning: \headheight is too small (12.0pt): 
(fancyhdr)                Make it at least 17.11104pt, for example:
(fancyhdr)                \setlength{\headheight}{17.11104pt}.
(fancyhdr)                You might also make \topmargin smaller:
(fancyhdr)                \addtolength{\topmargin}{-5.11104pt}.

[44])

Package fancyhdr Warning: \headheight is too small (12.0pt): 
(fancyhdr)                Make it at least 17.11104pt, for example:
(fancyhdr)                \setlength{\headheight}{17.11104pt}.
(fancyhdr)                You might also make \topmargin smaller:
(fancyhdr)                \addtolength{\topmargin}{-5.11104pt}.

[45] (./appendix_a_la_te_xDEC17.tex
LaTeX Font Info:    No math alphabet change to frozen version normal on input line 11.
LaTeX Font Info:    No math alphabet change to frozen version normal on input line 19.
LaTeX Font Info:    No math alphabet change to frozen version normal on input line 20.
LaTeX Font Info:    No math alphabet change to frozen version normal on input line 20.
LaTeX Font Info:    No math alphabet change to frozen version normal on input line 26.
LaTeX Font Info:    No math alphabet change to frozen version normal on input line 29.
LaTeX Font Info:    No math alphabet change to frozen version normal on input line 30.
LaTeX Font Info:    No math alphabet change to frozen version normal on input line 32.
LaTeX Font Info:    No math alphabet change to frozen version normal on input line 33.
LaTeX Font Info:    No math alphabet change to frozen version normal on input line 34.
LaTeX Font Info:    No math alphabet change to frozen version normal on input line 36.
LaTeX Font Info:    No math alphabet change to frozen version normal on input line 38.
LaTeX Font Info:    No math alphabet change to frozen version normal on input line 39.
LaTeX Font Info:    No math alphabet change to frozen version normal on input line 40.
LaTeX Font Info:    No math alphabet change to frozen version normal on input line 41.
LaTeX Font Info:    No math alphabet change to frozen version normal on input line 42.
LaTeX Font Info:    Undo math alphabet allocation in version normal on input line 44.
LaTeX Font Info:    No math alphabet change to frozen version normal on input line 46.
LaTeX Font Info:    No math alphabet change to frozen version normal on input line 50.
LaTeX Font Info:    No math alphabet change to frozen version normal on input line 56.
LaTeX Font Info:    No math alphabet change to frozen version normal on input line 56.
LaTeX Font Info:    Undo math alphabet allocation in version normal on input line 58.
LaTeX Font Info:    No math alphabet change to frozen version normal on input line 65.
LaTeX Font Info:    Undo math alphabet allocation in version normal on input line 70.
LaTeX Font Info:    Undo math alphabet allocation in version normal on input line 71.
LaTeX Font Info:    No math alphabet change to frozen version normal on input line 71.
LaTeX Font Info:    No math alphabet change to frozen version normal on input line 72.
LaTeX Font Info:    No math alphabet change to frozen version normal on input line 86.
LaTeX Font Info:    No math alphabet change to frozen version normal on input line 87.


Package fancyhdr Warning: \headheight is too small (12.0pt): 
(fancyhdr)                Make it at least 17.11104pt, for example:
(fancyhdr)                \setlength{\headheight}{17.11104pt}.
(fancyhdr)                You might also make \topmargin smaller:
(fancyhdr)                \addtolength{\topmargin}{-5.11104pt}.

[46]
LaTeX Font Info:    No math alphabet change to frozen version normal on input line 89.
LaTeX Font Info:    No math alphabet change to frozen version normal on input line 92.
LaTeX Font Info:    No math alphabet change to frozen version normal on input line 92.
LaTeX Font Info:    No math alphabet change to frozen version normal on input line 93.
LaTeX Font Info:    Nested math: keeping math alphabet allocation in version normal on input line 98.
LaTeX Font Info:    Nested math: keeping math alphabet allocation in version normal on input line 98.
LaTeX Font Info:    Nested math: keeping math alphabet allocation in version normal on input line 98.
LaTeX Font Info:    Nested math: keeping math alphabet allocation in version normal on input line 98.
LaTeX Font Info:    Nested math: keeping math alphabet allocation in version normal on input line 98.
LaTeX Font Info:    Nested math: keeping math alphabet allocation in version normal on input line 98.
LaTeX Font Info:    Nested math: keeping math alphabet allocation in version normal on input line 98.
LaTeX Font Info:    Nested math: keeping math alphabet allocation in version normal on input line 98.
LaTeX Font Info:    Nested math: keeping math alphabet allocation in version normal on input line 98.
LaTeX Font Info:    Nested math: keeping math alphabet allocation in version normal on input line 98.
LaTeX Font Info:    Nested math: keeping math alphabet allocation in version normal on input line 98.
LaTeX Font Info:    Nested math: keeping math alphabet allocation in version normal on input line 98.
LaTeX Font Info:    Undo math alphabet allocation in version normal on input line 98.
LaTeX Font Info:    Undo math alphabet allocation in version normal on input line 103.
LaTeX Font Info:    Undo math alphabet allocation in version normal on input line 104.
LaTeX Font Info:    No math alphabet change to frozen version normal on input line 108.
LaTeX Font Info:    No math alphabet change to frozen version normal on input line 113.
LaTeX Font Info:    No math alphabet change to frozen version normal on input line 115.
LaTeX Font Info:    No math alphabet change to frozen version normal on input line 116.
LaTeX Font Info:    No math alphabet change to frozen version normal on input line 117.
LaTeX Font Info:    No math alphabet change to frozen version normal on input line 118.
LaTeX Font Info:    No math alphabet change to frozen version normal on input line 118.
LaTeX Font Info:    No math alphabet change to frozen version normal on input line 124.
LaTeX Font Info:    Nested math: keeping math alphabet allocation in version normal on input line 131.
LaTeX Font Info:    Nested math: keeping math alphabet allocation in version normal on input line 132.
LaTeX Font Info:    Undo math alphabet allocation in version normal on input line 133.
LaTeX Font Info:    Undo math alphabet allocation in version normal on input line 137.
LaTeX Font Info:    Undo math alphabet allocation in version normal on input line 137.
LaTeX Font Info:    Undo math alphabet allocation in version normal on input line 139.
LaTeX Font Info:    No math alphabet change to frozen version normal on input line 140.
LaTeX Font Info:    Undo math alphabet allocation in version normal on input line 144.
LaTeX Font Info:    No math alphabet change to frozen version normal on input line 149.
LaTeX Font Info:    Undo math alphabet allocation in version normal on input line 150.
LaTeX Font Info:    No math alphabet change to frozen version normal on input line 154.
LaTeX Font Info:    Undo math alphabet allocation in version normal on input line 158.
LaTeX Font Info:    No math alphabet change to frozen version normal on input line 163.


Package fancyhdr Warning: \headheight is too small (12.0pt): 
(fancyhdr)                Make it at least 17.11104pt, for example:
(fancyhdr)                \setlength{\headheight}{17.11104pt}.
(fancyhdr)                You might also make \topmargin smaller:
(fancyhdr)                \addtolength{\topmargin}{-5.11104pt}.

[47]
LaTeX Font Info:    No math alphabet change to frozen version normal on input line 189.
LaTeX Font Info:    No math alphabet change to frozen version normal on input line 201.
LaTeX Font Info:    No math alphabet change to frozen version normal on input line 201.
LaTeX Font Info:    No math alphabet change to frozen version normal on input line 213.
LaTeX Font Info:    Undo math alphabet allocation in version normal on input line 224.
LaTeX Font Info:    Undo math alphabet allocation in version normal on input line 228.
LaTeX Font Info:    No math alphabet change to frozen version normal on input line 229.


Package fancyhdr Warning: \headheight is too small (12.0pt): 
(fancyhdr)                Make it at least 17.11104pt, for example:
(fancyhdr)                \setlength{\headheight}{17.11104pt}.
(fancyhdr)                You might also make \topmargin smaller:
(fancyhdr)                \addtolength{\topmargin}{-5.11104pt}.

[48]
LaTeX Font Info:    No math alphabet change to frozen version normal on input line 233.
LaTeX Font Info:    Undo math alphabet allocation in version normal on input line 240.
LaTeX Font Info:    No math alphabet change to frozen version normal on input line 265.
LaTeX Font Info:    Undo math alphabet allocation in version normal on input line 267.
LaTeX Font Info:    Undo math alphabet allocation in version normal on input line 269.
LaTeX Font Info:    Undo math alphabet allocation in version normal on input line 271.
LaTeX Font Info:    No math alphabet change to frozen version normal on input line 275.
LaTeX Font Info:    No math alphabet change to frozen version normal on input line 287.
LaTeX Font Info:    No math alphabet change to frozen version normal on input line 290.
LaTeX Font Info:    No math alphabet change to frozen version normal on input line 290.
LaTeX Font Info:    Undo math alphabet allocation in version normal on input line 296.
LaTeX Font Info:    Undo math alphabet allocation in version normal on input line 297.
LaTeX Font Info:    Undo math alphabet allocation in version normal on input line 297.
LaTeX Font Info:    Undo math alphabet allocation in version normal on input line 297.
LaTeX Font Info:    Undo math alphabet allocation in version normal on input line 306.
LaTeX Font Info:    No math alphabet change to frozen version normal on input line 308.


! LaTeX Error: Environment theorem undefined.

See the LaTeX manual or LaTeX Companion for explanation.
Type  H <return>  for immediate help.
 ...                                              
                                                  
l.312 \begin{theorem}
                     [Free explicit algebra]
Your command was ignored.
Type  I <command> <return>  to replace it with another command,
or  <return>  to continue without it.

LaTeX Font Info:    No math alphabet change to frozen version normal on input line 314.
LaTeX Font Info:    No math alphabet change to frozen version normal on input line 315.
LaTeX Font Info:    No math alphabet change to frozen version normal on input line 315.
LaTeX Font Info:    No math alphabet change to frozen version normal on input line 316.

! LaTeX Error: \begin{document} ended by \end{theorem}.

See the LaTeX manual or LaTeX Companion for explanation.
Type  H <return>  for immediate help.
 ...                                              
                                                  
l.317 \end{theorem}
                   
Your command was ignored.
Type  I <command> <return>  to replace it with another command,
or  <return>  to continue without it.


Package fancyhdr Warning: \headheight is too small (12.0pt): 
(fancyhdr)                Make it at least 17.11104pt, for example:
(fancyhdr)                \setlength{\headheight}{17.11104pt}.
(fancyhdr)                You might also make \topmargin smaller:
(fancyhdr)                \addtolength{\topmargin}{-5.11104pt}.

[49]
LaTeX Font Info:    No math alphabet change to frozen version normal on input line 321.
LaTeX Font Info:    No math alphabet change to frozen version normal on input line 321.
LaTeX Font Info:    No math alphabet change to frozen version normal on input line 323.
LaTeX Font Info:    No math alphabet change to frozen version normal on input line 323.
LaTeX Font Info:    Nested math: keeping math alphabet allocation in version normal on input line 334.
LaTeX Font Info:    Nested math: keeping math alphabet allocation in version normal on input line 335.
LaTeX Font Info:    No math alphabet change to frozen version normal on input line 336.
LaTeX Font Info:    Undo math alphabet allocation in version normal on input line 343.
LaTeX Font Info:    Nested math: keeping math alphabet allocation in version normal on input line 355.
LaTeX Font Info:    Nested math: keeping math alphabet allocation in version normal on input line 355.
LaTeX Font Info:    Nested math: keeping math alphabet allocation in version normal on input line 355.
LaTeX Font Info:    Nested math: keeping math alphabet allocation in version normal on input line 355.
LaTeX Font Info:    Nested math: keeping math alphabet allocation in version normal on input line 355.
LaTeX Font Info:    Nested math: keeping math alphabet allocation in version normal on input line 355.
LaTeX Font Info:    Nested math: keeping math alphabet allocation in version normal on input line 355.
LaTeX Font Info:    Nested math: keeping math alphabet allocation in version normal on input line 355.
LaTeX Font Info:    Nested math: keeping math alphabet allocation in version normal on input line 355.
LaTeX Font Info:    Nested math: keeping math alphabet allocation in version normal on input line 355.
LaTeX Font Info:    Nested math: keeping math alphabet allocation in version normal on input line 355.
LaTeX Font Info:    Nested math: keeping math alphabet allocation in version normal on input line 355.
LaTeX Font Info:    Nested math: keeping math alphabet allocation in version normal on input line 355.
LaTeX Font Info:    Nested math: keeping math alphabet allocation in version normal on input line 355.
LaTeX Font Info:    Nested math: keeping math alphabet allocation in version normal on input line 355.
LaTeX Font Info:    Nested math: keeping math alphabet allocation in version normal on input line 355.
LaTeX Font Info:    Nested math: keeping math alphabet allocation in version normal on input line 355.
LaTeX Font Info:    Nested math: keeping math alphabet allocation in version normal on input line 355.
LaTeX Font Info:    Nested math: keeping math alphabet allocation in version normal on input line 355.
LaTeX Font Info:    Nested math: keeping math alphabet allocation in version normal on input line 355.
LaTeX Font Info:    Nested math: keeping math alphabet allocation in version normal on input line 355.
LaTeX Font Info:    Nested math: keeping math alphabet allocation in version normal on input line 355.
LaTeX Font Info:    Nested math: keeping math alphabet allocation in version normal on input line 355.
LaTeX Font Info:    Nested math: keeping math alphabet allocation in version normal on input line 355.
LaTeX Font Info:    Nested math: keeping math alphabet allocation in version normal on input line 355.
LaTeX Font Info:    Nested math: keeping math alphabet allocation in version normal on input line 355.
LaTeX Font Info:    Nested math: keeping math alphabet allocation in version normal on input line 355.
LaTeX Font Info:    Nested math: keeping math alphabet allocation in version normal on input line 355.
LaTeX Font Info:    Nested math: keeping math alphabet allocation in version normal on input line 355.
LaTeX Font Info:    Nested math: keeping math alphabet allocation in version normal on input line 355.
LaTeX Font Info:    Nested math: keeping math alphabet allocation in version normal on input line 355.
LaTeX Font Info:    Undo math alphabet allocation in version normal on input line 355.
LaTeX Font Info:    No math alphabet change to frozen version normal on input line 356.
LaTeX Font Info:    Undo math alphabet allocation in version normal on input line 368.
LaTeX Font Info:    Nested math: keeping math alphabet allocation in version normal on input line 373.
LaTeX Font Info:    Nested math: keeping math alphabet allocation in version normal on input line 373.
LaTeX Font Info:    Undo math alphabet allocation in version normal on input line 373.
LaTeX Font Info:    Undo math alphabet allocation in version normal on input line 375.
LaTeX Font Info:    Undo math alphabet allocation in version normal on input line 376.
LaTeX Font Info:    Undo math alphabet allocation in version normal on input line 376.
LaTeX Font Info:    Undo math alphabet allocation in version normal on input line 378.
LaTeX Font Info:    Undo math alphabet allocation in version normal on input line 379.
LaTeX Font Info:    Undo math alphabet allocation in version normal on input line 379.
LaTeX Font Info:    No math alphabet change to frozen version normal on input line 383.
LaTeX Font Info:    No math alphabet change to frozen version normal on input line 384.
LaTeX Font Info:    No math alphabet change to frozen version normal on input line 386.
LaTeX Font Info:    No math alphabet change to frozen version normal on input line 396.
LaTeX Font Info:    No math alphabet change to frozen version normal on input line 396.


Package fancyhdr Warning: \headheight is too small (12.0pt): 
(fancyhdr)                Make it at least 17.11104pt, for example:
(fancyhdr)                \setlength{\headheight}{17.11104pt}.
(fancyhdr)                You might also make \topmargin smaller:
(fancyhdr)                \addtolength{\topmargin}{-5.11104pt}.

[50]
LaTeX Font Info:    No math alphabet change to frozen version normal on input line 399.
LaTeX Font Info:    No math alphabet change to frozen version normal on input line 399.
LaTeX Font Info:    No math alphabet change to frozen version normal on input line 399.
LaTeX Font Info:    Undo math alphabet allocation in version normal on input line 401.
LaTeX Font Info:    Undo math alphabet allocation in version normal on input line 401.
LaTeX Font Info:    Undo math alphabet allocation in version normal on input line 401.
LaTeX Font Info:    No math alphabet change to frozen version normal on input line 403.
LaTeX Font Info:    No math alphabet change to frozen version normal on input line 404.
LaTeX Font Info:    No math alphabet change to frozen version normal on input line 404.
LaTeX Font Info:    No math alphabet change to frozen version normal on input line 405.
LaTeX Font Info:    No math alphabet change to frozen version normal on input line 405.
LaTeX Font Info:    No math alphabet change to frozen version normal on input line 411.
LaTeX Font Info:    No math alphabet change to frozen version normal on input line 419.
LaTeX Font Info:    No math alphabet change to frozen version normal on input line 420.
LaTeX Font Info:    No math alphabet change to frozen version normal on input line 422.
LaTeX Font Info:    No math alphabet change to frozen version normal on input line 424.
LaTeX Font Info:    Undo math alphabet allocation in version normal on input line 424.
LaTeX Font Info:    Undo math alphabet allocation in version normal on input line 425.
LaTeX Font Info:    Undo math alphabet allocation in version normal on input line 425.
LaTeX Font Info:    Undo math alphabet allocation in version normal on input line 426.
LaTeX Font Info:    Undo math alphabet allocation in version normal on input line 426.
LaTeX Font Info:    No math alphabet change to frozen version normal on input line 432.
LaTeX Font Info:    No math alphabet change to frozen version normal on input line 433.
LaTeX Font Info:    No math alphabet change to frozen version normal on input line 434.
LaTeX Font Info:    No math alphabet change to frozen version normal on input line 438.
LaTeX Font Info:    No math alphabet change to frozen version normal on input line 439.
LaTeX Font Info:    No math alphabet change to frozen version normal on input line 440.
LaTeX Font Info:    No math alphabet change to frozen version normal on input line 443.


Package hyperref Warning: Token not allowed in a PDF string (Unicode):
(hyperref)                removing `math shift' on input line 443.


Package hyperref Warning: Token not allowed in a PDF string (Unicode):
(hyperref)                removing `\to' on input line 443.

LaTeX Font Info:    No math alphabet change to frozen version normal on input line 446.
LaTeX Font Info:    No math alphabet change to frozen version normal on input line 447.
LaTeX Font Info:    Undo math alphabet allocation in version normal on input line 448.
LaTeX Font Info:    No math alphabet change to frozen version normal on input line 453.
LaTeX Font Info:    No math alphabet change to frozen version normal on input line 456.
LaTeX Font Info:    No math alphabet change to frozen version normal on input line 457.
LaTeX Font Info:    No math alphabet change to frozen version normal on input line 461.
LaTeX Font Info:    No math alphabet change to frozen version normal on input line 461.
LaTeX Font Info:    No math alphabet change to frozen version normal on input line 465.
LaTeX Font Info:    No math alphabet change to frozen version normal on input line 466.
LaTeX Font Info:    No math alphabet change to frozen version normal on input line 473.
LaTeX Font Info:    No math alphabet change to frozen version normal on input line 480.
LaTeX Font Info:    No math alphabet change to frozen version normal on input line 482.
LaTeX Font Info:    No math alphabet change to frozen version normal on input line 484.
LaTeX Font Info:    No math alphabet change to frozen version normal on input line 485.
LaTeX Font Info:    No math alphabet change to frozen version normal on input line 485.
LaTeX Font Info:    No math alphabet change to frozen version normal on input line 487.
LaTeX Font Info:    No math alphabet change to frozen version normal on input line 487.
LaTeX Font Info:    No math alphabet change to frozen version normal on input line 487.
LaTeX Font Info:    No math alphabet change to frozen version normal on input line 488.
LaTeX Font Info:    No math alphabet change to frozen version normal on input line 488.
LaTeX Font Info:    No math alphabet change to frozen version normal on input line 489.
LaTeX Font Info:    No math alphabet change to frozen version normal on input line 489.
LaTeX Font Info:    No math alphabet change to frozen version normal on input line 490.
LaTeX Font Info:    No math alphabet change to frozen version normal on input line 490.
LaTeX Font Info:    Nested math: keeping math alphabet allocation in version normal on input line 496.
LaTeX Font Info:    Nested math: keeping math alphabet allocation in version normal on input line 499.

Package fancyhdr Warning: \headheight is too small (12.0pt): 
(fancyhdr)                Make it at least 17.11104pt, for example:
(fancyhdr)                \setlength{\headheight}{17.11104pt}.
(fancyhdr)                You might also make \topmargin smaller:
(fancyhdr)                \addtolength{\topmargin}{-5.11104pt}.

[51]
LaTeX Font Info:    No math alphabet change to frozen version normal on input line 500.
LaTeX Font Info:    No math alphabet change to frozen version normal on input line 501.
LaTeX Font Info:    No math alphabet change to frozen version normal on input line 503.
LaTeX Font Info:    No math alphabet change to frozen version normal on input line 506.
LaTeX Font Info:    No math alphabet change to frozen version normal on input line 509.
LaTeX Font Info:    No math alphabet change to frozen version normal on input line 509.
LaTeX Font Info:    No math alphabet change to frozen version normal on input line 512.
LaTeX Font Info:    No math alphabet change to frozen version normal on input line 512.
LaTeX Font Info:    No math alphabet change to frozen version normal on input line 514.
LaTeX Font Info:    No math alphabet change to frozen version normal on input line 514.
LaTeX Font Info:    No math alphabet change to frozen version normal on input line 514.
LaTeX Font Info:    No math alphabet change to frozen version normal on input line 515.
LaTeX Font Info:    No math alphabet change to frozen version normal on input line 519.
LaTeX Font Info:    No math alphabet change to frozen version normal on input line 520.
LaTeX Font Info:    No math alphabet change to frozen version normal on input line 521.
LaTeX Font Info:    Undo math alphabet allocation in version normal on input line 522.
LaTeX Font Info:    Undo math alphabet allocation in version normal on input line 522.
LaTeX Font Info:    Undo math alphabet allocation in version normal on input line 523.
LaTeX Font Info:    No math alphabet change to frozen version normal on input line 538.
LaTeX Font Info:    No math alphabet change to frozen version normal on input line 540.
LaTeX Font Info:    Undo math alphabet allocation in version normal on input line 543.
LaTeX Font Info:    No math alphabet change to frozen version normal on input line 547.
LaTeX Font Info:    No math alphabet change to frozen version normal on input line 551.
LaTeX Font Info:    No math alphabet change to frozen version normal on input line 552.
LaTeX Font Info:    No math alphabet change to frozen version normal on input line 557.
LaTeX Font Info:    No math alphabet change to frozen version normal on input line 560.


! LaTeX Error: Environment theorem undefined.

See the LaTeX manual or LaTeX Companion for explanation.
Type  H <return>  for immediate help.
 ...                                              
                                                  
l.569 \begin{theorem}
                     [Well-formedness]
Your command was ignored.
Type  I <command> <return>  to replace it with another command,
or  <return>  to continue without it.

LaTeX Font Info:    No math alphabet change to frozen version normal on input line 571.
LaTeX Font Info:    No math alphabet change to frozen version normal on input line 571.
LaTeX Font Info:    Undo math alphabet allocation in version normal on input line 575.

! LaTeX Error: \begin{document} ended by \end{theorem}.

See the LaTeX manual or LaTeX Companion for explanation.
Type  H <return>  for immediate help.
 ...                                              
                                                  
l.576 \end{theorem}
                   
Your command was ignored.
Type  I <command> <return>  to replace it with another command,
or  <return>  to continue without it.

LaTeX Font Info:    Undo math alphabet allocation in version normal on input line 579.
LaTeX Font Info:    No math alphabet change to frozen version normal on input line 580.
LaTeX Font Info:    Undo math alphabet allocation in version normal on input line 580.
LaTeX Font Info:    Undo math alphabet allocation in version normal on input line 580.
LaTeX Font Info:    No math alphabet change to frozen version normal on input line 580.
LaTeX Font Info:    Undo math alphabet allocation in version normal on input line 581.
LaTeX Font Info:    Undo math alphabet allocation in version normal on input line 581.
LaTeX Font Info:    Undo math alphabet allocation in version normal on input line 582.
LaTeX Font Info:    No math alphabet change to frozen version normal on input line 582.
LaTeX Font Info:    No math alphabet change to frozen version normal on input line 583.
LaTeX Font Info:    Undo math alphabet allocation in version normal on input line 584.
LaTeX Font Info:    No math alphabet change to frozen version normal on input line 584.
LaTeX Font Info:    No math alphabet change to frozen version normal on input line 585.
LaTeX Font Info:    Undo math alphabet allocation in version normal on input line 587.
LaTeX Font Info:    Undo math alphabet allocation in version normal on input line 588.

! LaTeX Error: Environment theorem undefined.

See the LaTeX manual or LaTeX Companion for explanation.
Type  H <return>  for immediate help.
 ...                                              
                                                  
l.595 \begin{theorem}
                     [Explicit completeness]
Your command was ignored.
Type  I <command> <return>  to replace it with another command,
or  <return>  to continue without it.

LaTeX Font Info:    No math alphabet change to frozen version normal on input line 597.

! LaTeX Error: \begin{document} ended by \end{theorem}.

See the LaTeX manual or LaTeX Companion for explanation.
Type  H <return>  for immediate help.
 ...                                              
                                                  
l.598 \end{theorem}
                   
Your command was ignored.
Type  I <command> <return>  to replace it with another command,
or  <return>  to continue without it.


Package fancyhdr Warning: \headheight is too small (12.0pt): 
(fancyhdr)                Make it at least 17.11104pt, for example:
(fancyhdr)                \setlength{\headheight}{17.11104pt}.
(fancyhdr)                You might also make \topmargin smaller:
(fancyhdr)                \addtolength{\topmargin}{-5.11104pt}.

[52]
LaTeX Font Info:    No math alphabet change to frozen version normal on input line 601.
LaTeX Font Info:    No math alphabet change to frozen version normal on input line 602.
LaTeX Font Info:    No math alphabet change to frozen version normal on input line 603.
LaTeX Font Info:    Undo math alphabet allocation in version normal on input line 604.
LaTeX Font Info:    Undo math alphabet allocation in version normal on input line 604.
LaTeX Font Info:    Undo math alphabet allocation in version normal on input line 604.
LaTeX Font Info:    No math alphabet change to frozen version normal on input line 606.


! LaTeX Error: Environment theorem undefined.

See the LaTeX manual or LaTeX Companion for explanation.
Type  H <return>  for immediate help.
 ...                                              
                                                  
l.612 \begin{theorem}
                     [Minimality]
Your command was ignored.
Type  I <command> <return>  to replace it with another command,
or  <return>  to continue without it.

LaTeX Font Info:    Undo math alphabet allocation in version normal on input line 615.

! LaTeX Error: \begin{document} ended by \end{theorem}.

See the LaTeX manual or LaTeX Companion for explanation.
Type  H <return>  for immediate help.
 ...                                              
                                                  
l.618 \end{theorem}
                   
Your command was ignored.
Type  I <command> <return>  to replace it with another command,
or  <return>  to continue without it.

LaTeX Font Info:    Undo math alphabet allocation in version normal on input line 623.
LaTeX Font Info:    No math alphabet change to frozen version normal on input line 623.
LaTeX Font Info:    Undo math alphabet allocation in version normal on input line 625.
LaTeX Font Info:    Undo math alphabet allocation in version normal on input line 627.
LaTeX Font Info:    Undo math alphabet allocation in version normal on input line 629.
LaTeX Font Info:    Undo math alphabet allocation in version normal on input line 631.
LaTeX Font Info:    No math alphabet change to frozen version normal on input line 632.
LaTeX Font Info:    Undo math alphabet allocation in version normal on input line 634.
LaTeX Font Info:    Undo math alphabet allocation in version normal on input line 636.
LaTeX Font Info:    Undo math alphabet allocation in version normal on input line 653.
LaTeX Font Info:    Undo math alphabet allocation in version normal on input line 655.
LaTeX Font Info:    No math alphabet change to frozen version normal on input line 656.
LaTeX Font Info:    No math alphabet change to frozen version normal on input line 656.

! LaTeX Error: Environment theorem undefined.

See the LaTeX manual or LaTeX Companion for explanation.
Type  H <return>  for immediate help.
 ...                                              
                                                  
l.659 \begin{theorem}
                     [Epistemic Spaces initiality]
Your command was ignored.
Type  I <command> <return>  to replace it with another command,
or  <return>  to continue without it.

LaTeX Font Info:    Undo math alphabet allocation in version normal on input line 662.

! LaTeX Error: \begin{document} ended by \end{theorem}.

See the LaTeX manual or LaTeX Companion for explanation.
Type  H <return>  for immediate help.
 ...                                              
                                                  
l.663 \end{theorem}
                   
Your command was ignored.
Type  I <command> <return>  to replace it with another command,
or  <return>  to continue without it.

LaTeX Font Info:    No math alphabet change to frozen version normal on input line 666.
LaTeX Font Info:    No math alphabet change to frozen version normal on input line 667.
LaTeX Font Info:    Undo math alphabet allocation in version normal on input line 667.
LaTeX Font Info:    No math alphabet change to frozen version normal on input line 671.
LaTeX Font Info:    No math alphabet change to frozen version normal on input line 672.
LaTeX Font Info:    Undo math alphabet allocation in version normal on input line 672.
LaTeX Font Info:    No math alphabet change to frozen version normal on input line 675.
LaTeX Font Info:    No math alphabet change to frozen version normal on input line 675.

Package fancyhdr Warning: \headheight is too small (12.0pt): 
(fancyhdr)                Make it at least 17.11104pt, for example:
(fancyhdr)                \setlength{\headheight}{17.11104pt}.
(fancyhdr)                You might also make \topmargin smaller:
(fancyhdr)                \addtolength{\topmargin}{-5.11104pt}.

[53]
LaTeX Font Info:    No math alphabet change to frozen version normal on input line 692.
LaTeX Font Info:    No math alphabet change to frozen version normal on input line 695.
LaTeX Font Info:    No math alphabet change to frozen version normal on input line 696.
LaTeX Font Info:    No math alphabet change to frozen version normal on input line 696.
LaTeX Font Info:    No math alphabet change to frozen version normal on input line 697.
LaTeX Font Info:    No math alphabet change to frozen version normal on input line 697.
LaTeX Font Info:    No math alphabet change to frozen version normal on input line 698.
LaTeX Font Info:    No math alphabet change to frozen version normal on input line 699.
LaTeX Font Info:    Undo math alphabet allocation in version normal on input line 700.
LaTeX Font Info:    Undo math alphabet allocation in version normal on input line 700.
LaTeX Font Info:    Undo math alphabet allocation in version normal on input line 700.


! LaTeX Error: Environment theorem undefined.

See the LaTeX manual or LaTeX Companion for explanation.
Type  H <return>  for immediate help.
 ...                                              
                                                  
l.707 \begin{theorem}
                     [Epistemic Algebra canonicality]
Your command was ignored.
Type  I <command> <return>  to replace it with another command,
or  <return>  to continue without it.

LaTeX Font Info:    No math alphabet change to frozen version normal on input line 710.
LaTeX Font Info:    No math alphabet change to frozen version normal on input line 711.
LaTeX Font Info:    No math alphabet change to frozen version normal on input line 715.

! LaTeX Error: \begin{document} ended by \end{theorem}.

See the LaTeX manual or LaTeX Companion for explanation.
Type  H <return>  for immediate help.
 ...                                              
                                                  
l.716 \end{theorem}
                   
Your command was ignored.
Type  I <command> <return>  to replace it with another command,
or  <return>  to continue without it.

LaTeX Font Info:    No math alphabet change to frozen version normal on input line 721.
LaTeX Font Info:    No math alphabet change to frozen version normal on input line 722.
LaTeX Font Info:    No math alphabet change to frozen version normal on input line 723.
LaTeX Font Info:    No math alphabet change to frozen version normal on input line 727.
LaTeX Font Info:    No math alphabet change to frozen version normal on input line 730.

! LaTeX Error: Environment theorem undefined.

See the LaTeX manual or LaTeX Companion for explanation.
Type  H <return>  for immediate help.
 ...                                              
                                                  
l.732 \begin{theorem}
                     [Confluence of \(N \ltimes E\)]
Your command was ignored.
Type  I <command> <return>  to replace it with another command,
or  <return>  to continue without it.

LaTeX Font Info:    No math alphabet change to frozen version normal on input line 732.
LaTeX Font Info:    No math alphabet change to frozen version normal on input line 735.
LaTeX Font Info:    No math alphabet change to frozen version normal on input line 735.

! LaTeX Error: \begin{document} ended by \end{theorem}.

See the LaTeX manual or LaTeX Companion for explanation.
Type  H <return>  for immediate help.
 ...                                              
                                                  
l.736 \end{theorem}
                   
Your command was ignored.
Type  I <command> <return>  to replace it with another command,
or  <return>  to continue without it.

LaTeX Font Info:    No math alphabet change to frozen version normal on input line 739.
LaTeX Font Info:    No math alphabet change to frozen version normal on input line 742.
LaTeX Font Info:    No math alphabet change to frozen version normal on input line 744.
LaTeX Font Info:    Undo math alphabet allocation in version normal on input line 746.
LaTeX Font Info:    No math alphabet change to frozen version normal on input line 763.
LaTeX Font Info:    No math alphabet change to frozen version normal on input line 763.
LaTeX Font Info:    No math alphabet change to frozen version normal on input line 764.
LaTeX Font Info:    No math alphabet change to frozen version normal on input line 764.
LaTeX Font Info:    No math alphabet change to frozen version normal on input line 769.
LaTeX Font Info:    No math alphabet change to frozen version normal on input line 770.

Package fancyhdr Warning: \headheight is too small (12.0pt): 
(fancyhdr)                Make it at least 17.11104pt, for example:
(fancyhdr)                \setlength{\headheight}{17.11104pt}.
(fancyhdr)                You might also make \topmargin smaller:
(fancyhdr)                \addtolength{\topmargin}{-5.11104pt}.

[54]

! LaTeX Error: Environment theorem undefined.

See the LaTeX manual or LaTeX Companion for explanation.
Type  H <return>  for immediate help.
 ...                                              
                                                  
l.785 \begin{theorem}
                     [Semantic correctness]
Your command was ignored.
Type  I <command> <return>  to replace it with another command,
or  <return>  to continue without it.

LaTeX Font Info:    No math alphabet change to frozen version normal on input line 787.
LaTeX Font Info:    No math alphabet change to frozen version normal on input line 790.
LaTeX Font Info:    No math alphabet change to frozen version normal on input line 790.
LaTeX Font Info:    No math alphabet change to frozen version normal on input line 791.
LaTeX Font Info:    No math alphabet change to frozen version normal on input line 794.
LaTeX Font Info:    No math alphabet change to frozen version normal on input line 795.
LaTeX Font Info:    No math alphabet change to frozen version normal on input line 796.

! LaTeX Error: \begin{document} ended by \end{theorem}.

See the LaTeX manual or LaTeX Companion for explanation.
Type  H <return>  for immediate help.
 ...                                              
                                                  
l.802 \end{theorem}
                   
Your command was ignored.
Type  I <command> <return>  to replace it with another command,
or  <return>  to continue without it.

LaTeX Font Info:    Undo math alphabet allocation in version normal on input line 808.
LaTeX Font Info:    No math alphabet change to frozen version normal on input line 816.
! Undefined control sequence.
l.822   \Ob
           (E_0) = \{\textsf{Ctx}, \textsf{Input}, \textsf{CaseSummary},
The control sequence at the end of the top line
of your error message was never \def'ed. If you have
misspelled it (e.g., `\hobx'), type `I' and the correct
spelling (e.g., `I\hbox'). Otherwise just continue,
and I'll forget about whatever was undefined.

LaTeX Font Info:    Trying to load font information for T1+lmss on input line 822.
(/home/vnadendla/.TinyTeX/texmf-dist/tex/latex/lm/t1lmss.fd
File: t1lmss.fd 2015/05/01 v1.6.1 Font defs for Latin Modern
)
Package microtype Info: Loading generic protrusion settings for font family
(microtype)             `lmss' (encoding: T1).
(microtype)             For optimal results, create family-specific settings.
(microtype)             See the microtype manual for details.
LaTeX Font Info:    Nested math: keeping math alphabet allocation in version normal on input line 822.
LaTeX Font Info:    Nested math: keeping math alphabet allocation in version normal on input line 822.
LaTeX Font Info:    Nested math: keeping math alphabet allocation in version normal on input line 822.
LaTeX Font Info:    Nested math: keeping math alphabet allocation in version normal on input line 823.
LaTeX Font Info:    Nested math: keeping math alphabet allocation in version normal on input line 823.
LaTeX Font Info:    Nested math: keeping math alphabet allocation in version normal on input line 823.
LaTeX Font Info:    Nested math: keeping math alphabet allocation in version normal on input line 823.
LaTeX Font Info:    No math alphabet change to frozen version normal on input line 824.
LaTeX Font Info:    Nested math: keeping math alphabet allocation in version normal on input line 835.
LaTeX Font Info:    Nested math: keeping math alphabet allocation in version normal on input line 835.
LaTeX Font Info:    Nested math: keeping math alphabet allocation in version normal on input line 835.
LaTeX Font Info:    Nested math: keeping math alphabet allocation in version normal on input line 835.
LaTeX Font Info:    Nested math: keeping math alphabet allocation in version normal on input line 835.
LaTeX Font Info:    Nested math: keeping math alphabet allocation in version normal on input line 835.
LaTeX Font Info:    Nested math: keeping math alphabet allocation in version normal on input line 835.
LaTeX Font Info:    Nested math: keeping math alphabet allocation in version normal on input line 835.
LaTeX Font Info:    Nested math: keeping math alphabet allocation in version normal on input line 835.
LaTeX Font Info:    Nested math: keeping math alphabet allocation in version normal on input line 835.
LaTeX Font Info:    Nested math: keeping math alphabet allocation in version normal on input line 835.
LaTeX Font Info:    Nested math: keeping math alphabet allocation in version normal on input line 835.
LaTeX Font Info:    Nested math: keeping math alphabet allocation in version normal on input line 835.
LaTeX Font Info:    Nested math: keeping math alphabet allocation in version normal on input line 835.
LaTeX Font Info:    Nested math: keeping math alphabet allocation in version normal on input line 835.
LaTeX Font Info:    Nested math: keeping math alphabet allocation in version normal on input line 835.
LaTeX Font Info:    Nested math: keeping math alphabet allocation in version normal on input line 835.
LaTeX Font Info:    Nested math: keeping math alphabet allocation in version normal on input line 835.
LaTeX Font Info:    Nested math: keeping math alphabet allocation in version normal on input line 835.
LaTeX Font Info:    Nested math: keeping math alphabet allocation in version normal on input line 835.
LaTeX Font Info:    Nested math: keeping math alphabet allocation in version normal on input line 835.
LaTeX Font Info:    Nested math: keeping math alphabet allocation in version normal on input line 835.
LaTeX Font Info:    Nested math: keeping math alphabet allocation in version normal on input line 835.
LaTeX Font Info:    Nested math: keeping math alphabet allocation in version normal on input line 835.
LaTeX Font Info:    Nested math: keeping math alphabet allocation in version normal on input line 835.
LaTeX Font Info:    Nested math: keeping math alphabet allocation in version normal on input line 835.
LaTeX Font Info:    Nested math: keeping math alphabet allocation in version normal on input line 835.
LaTeX Font Info:    Nested math: keeping math alphabet allocation in version normal on input line 835.
LaTeX Font Info:    Nested math: keeping math alphabet allocation in version normal on input line 835.
LaTeX Font Info:    Nested math: keeping math alphabet allocation in version normal on input line 835.
LaTeX Font Info:    Nested math: keeping math alphabet allocation in version normal on input line 835.
LaTeX Font Info:    Nested math: keeping math alphabet allocation in version normal on input line 835.
LaTeX Font Info:    Nested math: keeping math alphabet allocation in version normal on input line 835.
LaTeX Font Info:    Nested math: keeping math alphabet allocation in version normal on input line 835.
LaTeX Font Info:    Nested math: keeping math alphabet allocation in version normal on input line 835.
LaTeX Font Info:    Nested math: keeping math alphabet allocation in version normal on input line 835.
LaTeX Font Info:    Nested math: keeping math alphabet allocation in version normal on input line 835.
LaTeX Font Info:    Nested math: keeping math alphabet allocation in version normal on input line 835.
LaTeX Font Info:    Nested math: keeping math alphabet allocation in version normal on input line 835.
LaTeX Font Info:    Nested math: keeping math alphabet allocation in version normal on input line 835.
LaTeX Font Info:    Nested math: keeping math alphabet allocation in version normal on input line 835.
LaTeX Font Info:    Nested math: keeping math alphabet allocation in version normal on input line 835.
LaTeX Font Info:    Nested math: keeping math alphabet allocation in version normal on input line 835.
LaTeX Font Info:    Nested math: keeping math alphabet allocation in version normal on input line 835.
LaTeX Font Info:    Nested math: keeping math alphabet allocation in version normal on input line 835.
LaTeX Font Info:    Nested math: keeping math alphabet allocation in version normal on input line 835.
LaTeX Font Info:    Nested math: keeping math alphabet allocation in version normal on input line 835.
LaTeX Font Info:    Nested math: keeping math alphabet allocation in version normal on input line 835.
LaTeX Font Info:    Nested math: keeping math alphabet allocation in version normal on input line 835.
LaTeX Font Info:    Nested math: keeping math alphabet allocation in version normal on input line 835.
LaTeX Font Info:    Nested math: keeping math alphabet allocation in version normal on input line 835.
LaTeX Font Info:    Nested math: keeping math alphabet allocation in version normal on input line 835.
LaTeX Font Info:    Nested math: keeping math alphabet allocation in version normal on input line 835.
LaTeX Font Info:    Nested math: keeping math alphabet allocation in version normal on input line 835.
LaTeX Font Info:    Nested math: keeping math alphabet allocation in version normal on input line 835.
LaTeX Font Info:    Nested math: keeping math alphabet allocation in version normal on input line 835.
LaTeX Font Info:    Nested math: keeping math alphabet allocation in version normal on input line 835.
LaTeX Font Info:    Nested math: keeping math alphabet allocation in version normal on input line 835.
LaTeX Font Info:    Nested math: keeping math alphabet allocation in version normal on input line 835.
LaTeX Font Info:    Nested math: keeping math alphabet allocation in version normal on input line 835.
LaTeX Font Info:    Nested math: keeping math alphabet allocation in version normal on input line 835.
LaTeX Font Info:    Nested math: keeping math alphabet allocation in version normal on input line 835.
LaTeX Font Info:    Nested math: keeping math alphabet allocation in version normal on input line 835.
LaTeX Font Info:    Nested math: keeping math alphabet allocation in version normal on input line 835.
LaTeX Font Info:    Nested math: keeping math alphabet allocation in version normal on input line 835.
LaTeX Font Info:    Nested math: keeping math alphabet allocation in version normal on input line 835.
LaTeX Font Info:    Nested math: keeping math alphabet allocation in version normal on input line 835.
LaTeX Font Info:    Undo math alphabet allocation in version normal on input line 835.
LaTeX Font Info:    No math alphabet change to frozen version normal on input line 836.
LaTeX Font Info:    Undo math alphabet allocation in version normal on input line 836.
LaTeX Font Info:    Nested math: keeping math alphabet allocation in version normal on input line 840.
LaTeX Font Info:    Nested math: keeping math alphabet allocation in version normal on input line 840.


Package fancyhdr Warning: \headheight is too small (12.0pt): 
(fancyhdr)                Make it at least 17.11104pt, for example:
(fancyhdr)                \setlength{\headheight}{17.11104pt}.
(fancyhdr)                You might also make \topmargin smaller:
(fancyhdr)                \addtolength{\topmargin}{-5.11104pt}.

[55]
LaTeX Font Info:    Undo math alphabet allocation in version normal on input line 841.
LaTeX Font Info:    Nested math: keeping math alphabet allocation in version normal on input line 847.
LaTeX Font Info:    Nested math: keeping math alphabet allocation in version normal on input line 847.
LaTeX Font Info:    Undo math alphabet allocation in version normal on input line 848.
LaTeX Font Info:    No math alphabet change to frozen version normal on input line 851.
LaTeX Font Info:    No math alphabet change to frozen version normal on input line 851.
LaTeX Font Info:    Undo math alphabet allocation in version normal on input line 851.
LaTeX Font Info:    Undo math alphabet allocation in version normal on input line 851.
LaTeX Font Info:    Undo math alphabet allocation in version normal on input line 852.
LaTeX Font Info:    Undo math alphabet allocation in version normal on input line 852.
LaTeX Font Info:    Undo math alphabet allocation in version normal on input line 855.
LaTeX Font Info:    No math alphabet change to frozen version normal on input line 856.
LaTeX Font Info:    No math alphabet change to frozen version normal on input line 857.
LaTeX Font Info:    Undo math alphabet allocation in version normal on input line 862.
LaTeX Font Info:    No math alphabet change to frozen version normal on input line 863.
LaTeX Font Info:    No math alphabet change to frozen version normal on input line 865.
LaTeX Font Info:    No math alphabet change to frozen version normal on input line 869.
LaTeX Font Info:    No math alphabet change to frozen version normal on input line 872.
LaTeX Font Info:    No math alphabet change to frozen version normal on input line 872.
LaTeX Font Info:    Undo math alphabet allocation in version normal on input line 874.
LaTeX Font Info:    Undo math alphabet allocation in version normal on input line 875.
LaTeX Font Info:    Undo math alphabet allocation in version normal on input line 876.
LaTeX Font Info:    Undo math alphabet allocation in version normal on input line 877.
LaTeX Font Info:    No math alphabet change to frozen version normal on input line 879.
LaTeX Font Info:    Undo math alphabet allocation in version normal on input line 880.
LaTeX Font Info:    No math alphabet change to frozen version normal on input line 882.
LaTeX Font Info:    Undo math alphabet allocation in version normal on input line 886.
LaTeX Font Info:    Undo math alphabet allocation in version normal on input line 886.
LaTeX Font Info:    Undo math alphabet allocation in version normal on input line 887.
LaTeX Font Info:    Undo math alphabet allocation in version normal on input line 887.
LaTeX Font Info:    No math alphabet change to frozen version normal on input line 888.
LaTeX Font Info:    Undo math alphabet allocation in version normal on input line 888.
LaTeX Font Info:    Undo math alphabet allocation in version normal on input line 888.
LaTeX Font Info:    No math alphabet change to frozen version normal on input line 890.
LaTeX Font Info:    Undo math alphabet allocation in version normal on input line 891.
LaTeX Font Info:    No math alphabet change to frozen version normal on input line 892.
LaTeX Font Info:    No math alphabet change to frozen version normal on input line 893.
LaTeX Font Info:    No math alphabet change to frozen version normal on input line 894.
) (./appendix_b_la_te_xDEC17.tex

Package fancyhdr Warning: \headheight is too small (12.0pt): 
(fancyhdr)                Make it at least 17.11104pt, for example:
(fancyhdr)                \setlength{\headheight}{17.11104pt}.
(fancyhdr)                You might also make \topmargin smaller:
(fancyhdr)                \addtolength{\topmargin}{-5.11104pt}.

[56]
LaTeX Font Info:    No math alphabet change to frozen version normal on input line 21.
LaTeX Font Info:    No math alphabet change to frozen version normal on input line 22.
LaTeX Font Info:    No math alphabet change to frozen version normal on input line 28.
LaTeX Font Info:    No math alphabet change to frozen version normal on input line 29.
LaTeX Font Info:    No math alphabet change to frozen version normal on input line 32.
LaTeX Font Info:    No math alphabet change to frozen version normal on input line 32.
LaTeX Font Info:    Nested math: keeping math alphabet allocation in version normal on input line 35.
LaTeX Font Info:    Nested math: keeping math alphabet allocation in version normal on input line 35.
LaTeX Font Info:    Nested math: keeping math alphabet allocation in version normal on input line 35.
LaTeX Font Info:    No math alphabet change to frozen version normal on input line 36.
LaTeX Font Info:    No math alphabet change to frozen version normal on input line 37.
LaTeX Font Info:    No math alphabet change to frozen version normal on input line 37.
LaTeX Font Info:    No math alphabet change to frozen version normal on input line 37.
LaTeX Font Info:    No math alphabet change to frozen version normal on input line 40.
LaTeX Font Info:    Undo math alphabet allocation in version normal on input line 42.
LaTeX Font Info:    No math alphabet change to frozen version normal on input line 42.
LaTeX Font Info:    No math alphabet change to frozen version normal on input line 44.
LaTeX Font Info:    No math alphabet change to frozen version normal on input line 57.
LaTeX Font Info:    No math alphabet change to frozen version normal on input line 61.
LaTeX Font Info:    No math alphabet change to frozen version normal on input line 61.
LaTeX Font Info:    No math alphabet change to frozen version normal on input line 63.
LaTeX Font Info:    No math alphabet change to frozen version normal on input line 63.
LaTeX Font Info:    No math alphabet change to frozen version normal on input line 65.
LaTeX Font Info:    No math alphabet change to frozen version normal on input line 66.
LaTeX Font Info:    No math alphabet change to frozen version normal on input line 66.
LaTeX Font Info:    No math alphabet change to frozen version normal on input line 68.
LaTeX Font Info:    No math alphabet change to frozen version normal on input line 68.
LaTeX Font Info:    No math alphabet change to frozen version normal on input line 68.
LaTeX Font Info:    No math alphabet change to frozen version normal on input line 71.
LaTeX Font Info:    No math alphabet change to frozen version normal on input line 75.
LaTeX Font Info:    No math alphabet change to frozen version normal on input line 84.
LaTeX Font Info:    Undo math alphabet allocation in version normal on input line 84.
LaTeX Font Info:    No math alphabet change to frozen version normal on input line 86.
LaTeX Font Info:    Undo math alphabet allocation in version normal on input line 86.
LaTeX Font Info:    Nested math: keeping math alphabet allocation in version normal on input line 89.
LaTeX Font Info:    Nested math: keeping math alphabet allocation in version normal on input line 89.
LaTeX Font Info:    Nested math: keeping math alphabet allocation in version normal on input line 89.
LaTeX Font Info:    Nested math: keeping math alphabet allocation in version normal on input line 89.
LaTeX Font Info:    Undo math alphabet allocation in version normal on input line 90.
LaTeX Font Info:    No math alphabet change to frozen version normal on input line 91.


Package fancyhdr Warning: \headheight is too small (12.0pt): 
(fancyhdr)                Make it at least 17.11104pt, for example:
(fancyhdr)                \setlength{\headheight}{17.11104pt}.
(fancyhdr)                You might also make \topmargin smaller:
(fancyhdr)                \addtolength{\topmargin}{-5.11104pt}.

[57]
LaTeX Font Info:    No math alphabet change to frozen version normal on input line 95.
LaTeX Font Info:    No math alphabet change to frozen version normal on input line 97.
LaTeX Font Info:    Undo math alphabet allocation in version normal on input line 99.
LaTeX Font Info:    No math alphabet change to frozen version normal on input line 100.
LaTeX Font Info:    Nested math: keeping math alphabet allocation in version normal on input line 107.
LaTeX Font Info:    Nested math: keeping math alphabet allocation in version normal on input line 107.
LaTeX Font Info:    Undo math alphabet allocation in version normal on input line 108.
LaTeX Font Info:    No math alphabet change to frozen version normal on input line 115.
LaTeX Font Info:    No math alphabet change to frozen version normal on input line 117.
LaTeX Font Info:    Nested math: keeping math alphabet allocation in version normal on input line 121.
LaTeX Font Info:    No math alphabet change to frozen version normal on input line 122.
LaTeX Font Info:    No math alphabet change to frozen version normal on input line 125.
LaTeX Font Info:    No math alphabet change to frozen version normal on input line 126.
LaTeX Font Info:    No math alphabet change to frozen version normal on input line 126.
LaTeX Font Info:    Undo math alphabet allocation in version normal on input line 140.
LaTeX Font Info:    No math alphabet change to frozen version normal on input line 141.
LaTeX Font Info:    No math alphabet change to frozen version normal on input line 142.
LaTeX Font Info:    Undo math alphabet allocation in version normal on input line 142.
LaTeX Font Info:    No math alphabet change to frozen version normal on input line 145.
LaTeX Font Info:    Undo math alphabet allocation in version normal on input line 146.
LaTeX Font Info:    Undo math alphabet allocation in version normal on input line 151.
LaTeX Font Info:    No math alphabet change to frozen version normal on input line 156.
LaTeX Font Info:    No math alphabet change to frozen version normal on input line 156.
LaTeX Font Info:    No math alphabet change to frozen version normal on input line 157.
LaTeX Font Info:    No math alphabet change to frozen version normal on input line 158.
LaTeX Font Info:    Undo math alphabet allocation in version normal on input line 161.
LaTeX Font Info:    No math alphabet change to frozen version normal on input line 162.
LaTeX Font Info:    No math alphabet change to frozen version normal on input line 163.
LaTeX Font Info:    No math alphabet change to frozen version normal on input line 168.
LaTeX Font Info:    Undo math alphabet allocation in version normal on input line 168.
LaTeX Font Info:    No math alphabet change to frozen version normal on input line 169.
LaTeX Font Info:    Undo math alphabet allocation in version normal on input line 172.

Overfull \hbox (0.83934pt too wide) in paragraph at lines 167--173
[]\T1/lmr/bx/n/10 (-20) Remark A47 \T1/lmr/m/n/10 (-20) (Struc-tural na-ture of hal-lu-ci-na-tion)\T1/lmr/bx/n/10 (-20) . []\T1/lmr/m/n/10 (-20) In this for-mal-ism, hal-lu-ci-na-tion is an \T1/lmr/m/it/10 (-20) implementation-
 []

LaTeX Font Info:    No math alphabet change to frozen version normal on input line 186.
LaTeX Font Info:    No math alphabet change to frozen version normal on input line 187.
LaTeX Font Info:    No math alphabet change to frozen version normal on input line 188.
LaTeX Font Info:    No math alphabet change to frozen version normal on input line 189.
LaTeX Font Info:    Nested math: keeping math alphabet allocation in version normal on input line 192.
LaTeX Font Info:    Undo math alphabet allocation in version normal on input line 193.

Package fancyhdr Warning: \headheight is too small (12.0pt): 
(fancyhdr)                Make it at least 17.11104pt, for example:
(fancyhdr)                \setlength{\headheight}{17.11104pt}.
(fancyhdr)                You might also make \topmargin smaller:
(fancyhdr)                \addtolength{\topmargin}{-5.11104pt}.

[58]
LaTeX Font Info:    No math alphabet change to frozen version normal on input line 201.
LaTeX Font Info:    No math alphabet change to frozen version normal on input line 202.
LaTeX Font Info:    No math alphabet change to frozen version normal on input line 202.
LaTeX Font Info:    No math alphabet change to frozen version normal on input line 205.
LaTeX Font Info:    No math alphabet change to frozen version normal on input line 209.


! LaTeX Error: Environment theorem undefined.

See the LaTeX manual or LaTeX Companion for explanation.
Type  H <return>  for immediate help.
 ...                                              
                                                  
l.211 \begin{theorem}
                     [Hallucination inevitability]
Your command was ignored.
Type  I <command> <return>  to replace it with another command,
or  <return>  to continue without it.

LaTeX Font Info:    No math alphabet change to frozen version normal on input line 215.
LaTeX Font Info:    No math alphabet change to frozen version normal on input line 218.
LaTeX Font Info:    No math alphabet change to frozen version normal on input line 220.
LaTeX Font Info:    No math alphabet change to frozen version normal on input line 221.
LaTeX Font Info:    No math alphabet change to frozen version normal on input line 224.
LaTeX Font Info:    Undo math alphabet allocation in version normal on input line 227.

! LaTeX Error: \begin{document} ended by \end{theorem}.

See the LaTeX manual or LaTeX Companion for explanation.
Type  H <return>  for immediate help.
 ...                                              
                                                  
l.228 \end{theorem}
                   
Your command was ignored.
Type  I <command> <return>  to replace it with another command,
or  <return>  to continue without it.

LaTeX Font Info:    No math alphabet change to frozen version normal on input line 232.
LaTeX Font Info:    No math alphabet change to frozen version normal on input line 232.
LaTeX Font Info:    No math alphabet change to frozen version normal on input line 232.
LaTeX Font Info:    No math alphabet change to frozen version normal on input line 233.
LaTeX Font Info:    Undo math alphabet allocation in version normal on input line 234.
LaTeX Font Info:    No math alphabet change to frozen version normal on input line 234.
LaTeX Font Info:    No math alphabet change to frozen version normal on input line 235.
LaTeX Font Info:    Undo math alphabet allocation in version normal on input line 239.
LaTeX Font Info:    No math alphabet change to frozen version normal on input line 240.
LaTeX Font Info:    Undo math alphabet allocation in version normal on input line 240.
LaTeX Font Info:    No math alphabet change to frozen version normal on input line 261.
LaTeX Font Info:    No math alphabet change to frozen version normal on input line 263.
LaTeX Font Info:    No math alphabet change to frozen version normal on input line 265.
LaTeX Font Info:    No math alphabet change to frozen version normal on input line 267.
LaTeX Font Info:    No math alphabet change to frozen version normal on input line 267.
LaTeX Font Info:    Undo math alphabet allocation in version normal on input line 269.
LaTeX Font Info:    Undo math alphabet allocation in version normal on input line 285.

Package fancyhdr Warning: \headheight is too small (12.0pt): 
(fancyhdr)                Make it at least 17.11104pt, for example:
(fancyhdr)                \setlength{\headheight}{17.11104pt}.
(fancyhdr)                You might also make \topmargin smaller:
(fancyhdr)                \addtolength{\topmargin}{-5.11104pt}.

[59]
LaTeX Font Info:    No math alphabet change to frozen version normal on input line 301.
LaTeX Font Info:    No math alphabet change to frozen version normal on input line 312.
LaTeX Font Info:    No math alphabet change to frozen version normal on input line 313.
LaTeX Font Info:    No math alphabet change to frozen version normal on input line 313.
LaTeX Font Info:    No math alphabet change to frozen version normal on input line 314.
LaTeX Font Info:    Nested math: keeping math alphabet allocation in version normal on input line 322.
LaTeX Font Info:    Nested math: keeping math alphabet allocation in version normal on input line 322.
LaTeX Font Info:    No math alphabet change to frozen version normal on input line 325.
LaTeX Font Info:    No math alphabet change to frozen version normal on input line 326.
LaTeX Font Info:    No math alphabet change to frozen version normal on input line 328.
LaTeX Font Info:    Nested math: keeping math alphabet allocation in version normal on input line 330.
LaTeX Font Info:    Nested math: keeping math alphabet allocation in version normal on input line 330.
LaTeX Font Info:    No math alphabet change to frozen version normal on input line 331.
LaTeX Font Info:    No math alphabet change to frozen version normal on input line 335.
LaTeX Font Info:    Undo math alphabet allocation in version normal on input line 353.
LaTeX Font Info:    Undo math alphabet allocation in version normal on input line 358.
LaTeX Font Info:    No math alphabet change to frozen version normal on input line 359.
LaTeX Font Info:    No math alphabet change to frozen version normal on input line 360.
LaTeX Font Info:    No math alphabet change to frozen version normal on input line 361.
LaTeX Font Info:    No math alphabet change to frozen version normal on input line 381.
LaTeX Font Info:    No math alphabet change to frozen version normal on input line 382.
LaTeX Font Info:    No math alphabet change to frozen version normal on input line 383.


Package fancyhdr Warning: \headheight is too small (12.0pt): 
(fancyhdr)                Make it at least 17.11104pt, for example:
(fancyhdr)                \setlength{\headheight}{17.11104pt}.
(fancyhdr)                You might also make \topmargin smaller:
(fancyhdr)                \addtolength{\topmargin}{-5.11104pt}.

[60]
LaTeX Font Info:    No math alphabet change to frozen version normal on input line 386.
LaTeX Font Info:    No math alphabet change to frozen version normal on input line 386.
LaTeX Font Info:    No math alphabet change to frozen version normal on input line 387.
LaTeX Font Info:    No math alphabet change to frozen version normal on input line 390.
LaTeX Font Info:    No math alphabet change to frozen version normal on input line 390.
LaTeX Font Info:    No math alphabet change to frozen version normal on input line 398.
LaTeX Font Info:    No math alphabet change to frozen version normal on input line 399.
LaTeX Font Info:    Nested math: keeping math alphabet allocation in version normal on input line 406.
LaTeX Font Info:    Nested math: keeping math alphabet allocation in version normal on input line 406.
LaTeX Font Info:    Nested math: keeping math alphabet allocation in version normal on input line 406.
LaTeX Font Info:    Nested math: keeping math alphabet allocation in version normal on input line 406.
LaTeX Font Info:    Nested math: keeping math alphabet allocation in version normal on input line 406.
LaTeX Font Info:    Nested math: keeping math alphabet allocation in version normal on input line 406.
LaTeX Font Info:    Nested math: keeping math alphabet allocation in version normal on input line 406.
LaTeX Font Info:    Nested math: keeping math alphabet allocation in version normal on input line 406.
LaTeX Font Info:    Nested math: keeping math alphabet allocation in version normal on input line 406.
LaTeX Font Info:    Nested math: keeping math alphabet allocation in version normal on input line 406.
LaTeX Font Info:    Nested math: keeping math alphabet allocation in version normal on input line 406.
LaTeX Font Info:    Nested math: keeping math alphabet allocation in version normal on input line 406.
LaTeX Font Info:    Nested math: keeping math alphabet allocation in version normal on input line 406.
LaTeX Font Info:    Nested math: keeping math alphabet allocation in version normal on input line 406.
LaTeX Font Info:    Nested math: keeping math alphabet allocation in version normal on input line 406.
LaTeX Font Info:    Nested math: keeping math alphabet allocation in version normal on input line 406.
LaTeX Font Info:    Nested math: keeping math alphabet allocation in version normal on input line 406.
LaTeX Font Info:    Nested math: keeping math alphabet allocation in version normal on input line 406.
LaTeX Font Info:    Nested math: keeping math alphabet allocation in version normal on input line 406.
LaTeX Font Info:    Nested math: keeping math alphabet allocation in version normal on input line 406.
LaTeX Font Info:    Nested math: keeping math alphabet allocation in version normal on input line 406.
LaTeX Font Info:    Nested math: keeping math alphabet allocation in version normal on input line 406.
LaTeX Font Info:    Nested math: keeping math alphabet allocation in version normal on input line 406.
LaTeX Font Info:    Nested math: keeping math alphabet allocation in version normal on input line 406.
LaTeX Font Info:    Nested math: keeping math alphabet allocation in version normal on input line 406.
LaTeX Font Info:    Nested math: keeping math alphabet allocation in version normal on input line 406.
LaTeX Font Info:    Nested math: keeping math alphabet allocation in version normal on input line 406.
LaTeX Font Info:    Nested math: keeping math alphabet allocation in version normal on input line 406.
LaTeX Font Info:    Nested math: keeping math alphabet allocation in version normal on input line 406.
LaTeX Font Info:    Nested math: keeping math alphabet allocation in version normal on input line 406.
LaTeX Font Info:    Nested math: keeping math alphabet allocation in version normal on input line 406.
LaTeX Font Info:    Nested math: keeping math alphabet allocation in version normal on input line 406.
LaTeX Font Info:    Nested math: keeping math alphabet allocation in version normal on input line 406.
LaTeX Font Info:    Nested math: keeping math alphabet allocation in version normal on input line 406.
LaTeX Font Info:    Nested math: keeping math alphabet allocation in version normal on input line 406.
LaTeX Font Info:    Nested math: keeping math alphabet allocation in version normal on input line 406.
LaTeX Font Info:    Nested math: keeping math alphabet allocation in version normal on input line 406.
LaTeX Font Info:    No math alphabet change to frozen version normal on input line 406.
LaTeX Font Info:    No math alphabet change to frozen version normal on input line 409.
LaTeX Font Info:    No math alphabet change to frozen version normal on input line 421.
LaTeX Font Info:    No math alphabet change to frozen version normal on input line 423.
LaTeX Font Info:    No math alphabet change to frozen version normal on input line 423.
LaTeX Font Info:    Nested math: keeping math alphabet allocation in version normal on input line 425.
LaTeX Font Info:    Nested math: keeping math alphabet allocation in version normal on input line 425.
LaTeX Font Info:    No math alphabet change to frozen version normal on input line 426.
LaTeX Font Info:    No math alphabet change to frozen version normal on input line 430.
LaTeX Font Info:    No math alphabet change to frozen version normal on input line 431.
LaTeX Font Info:    No math alphabet change to frozen version normal on input line 431.
LaTeX Font Info:    No math alphabet change to frozen version normal on input line 432.
LaTeX Font Info:    No math alphabet change to frozen version normal on input line 437.
LaTeX Font Info:    No math alphabet change to frozen version normal on input line 438.
LaTeX Font Info:    No math alphabet change to frozen version normal on input line 439.
LaTeX Font Info:    No math alphabet change to frozen version normal on input line 440.
LaTeX Font Info:    No math alphabet change to frozen version normal on input line 445.
LaTeX Font Info:    No math alphabet change to frozen version normal on input line 446.
LaTeX Font Info:    No math alphabet change to frozen version normal on input line 446.
LaTeX Font Info:    Nested math: keeping math alphabet allocation in version normal on input line 461.
LaTeX Font Info:    Nested math: keeping math alphabet allocation in version normal on input line 462.
LaTeX Font Info:    Nested math: keeping math alphabet allocation in version normal on input line 462.
LaTeX Font Info:    Nested math: keeping math alphabet allocation in version normal on input line 464.
LaTeX Font Info:    No math alphabet change to frozen version normal on input line 465.
LaTeX Font Info:    No math alphabet change to frozen version normal on input line 469.
LaTeX Font Info:    No math alphabet change to frozen version normal on input line 470.
LaTeX Font Info:    Undo math alphabet allocation in version normal on input line 474.
LaTeX Font Info:    No math alphabet change to frozen version normal on input line 477.
LaTeX Font Info:    Undo math alphabet allocation in version normal on input line 478.


Package fancyhdr Warning: \headheight is too small (12.0pt): 
(fancyhdr)                Make it at least 17.11104pt, for example:
(fancyhdr)                \setlength{\headheight}{17.11104pt}.
(fancyhdr)                You might also make \topmargin smaller:
(fancyhdr)                \addtolength{\topmargin}{-5.11104pt}.

[61]
LaTeX Font Info:    No math alphabet change to frozen version normal on input line 489.
LaTeX Font Info:    No math alphabet change to frozen version normal on input line 490.
LaTeX Font Info:    No math alphabet change to frozen version normal on input line 491.
LaTeX Font Info:    No math alphabet change to frozen version normal on input line 494.
LaTeX Font Info:    No math alphabet change to frozen version normal on input line 495.


! LaTeX Error: Environment theorem undefined.

See the LaTeX manual or LaTeX Companion for explanation.
Type  H <return>  for immediate help.
 ...                                              
                                                  
l.498 \begin{theorem}
                     [Accelerated hallucination inevitability]
Your command was ignored.
Type  I <command> <return>  to replace it with another command,
or  <return>  to continue without it.

LaTeX Font Info:    No math alphabet change to frozen version normal on input line 502.
LaTeX Font Info:    No math alphabet change to frozen version normal on input line 505.
LaTeX Font Info:    No math alphabet change to frozen version normal on input line 506.
LaTeX Font Info:    No math alphabet change to frozen version normal on input line 506.
LaTeX Font Info:    Undo math alphabet allocation in version normal on input line 507.
LaTeX Font Info:    No math alphabet change to frozen version normal on input line 508.
LaTeX Font Info:    No math alphabet change to frozen version normal on input line 509.
LaTeX Font Info:    No math alphabet change to frozen version normal on input line 511.
LaTeX Font Info:    No math alphabet change to frozen version normal on input line 512.
LaTeX Font Info:    No math alphabet change to frozen version normal on input line 517.
LaTeX Font Info:    Undo math alphabet allocation in version normal on input line 517.
LaTeX Font Info:    No math alphabet change to frozen version normal on input line 518.

! LaTeX Error: \begin{document} ended by \end{theorem}.

See the LaTeX manual or LaTeX Companion for explanation.
Type  H <return>  for immediate help.
 ...                                              
                                                  
l.523 \end{theorem}
                   
Your command was ignored.
Type  I <command> <return>  to replace it with another command,
or  <return>  to continue without it.

LaTeX Font Info:    No math alphabet change to frozen version normal on input line 527.
LaTeX Font Info:    No math alphabet change to frozen version normal on input line 528.
LaTeX Font Info:    Undo math alphabet allocation in version normal on input line 531.
LaTeX Font Info:    No math alphabet change to frozen version normal on input line 533.
LaTeX Font Info:    Undo math alphabet allocation in version normal on input line 538.
LaTeX Font Info:    No math alphabet change to frozen version normal on input line 540.
LaTeX Font Info:    No math alphabet change to frozen version normal on input line 543.
LaTeX Font Info:    No math alphabet change to frozen version normal on input line 544.
LaTeX Font Info:    Undo math alphabet allocation in version normal on input line 544.
LaTeX Font Info:    No math alphabet change to frozen version normal on input line 553.
LaTeX Font Info:    No math alphabet change to frozen version normal on input line 554.
LaTeX Font Info:    No math alphabet change to frozen version normal on input line 554.
LaTeX Font Info:    No math alphabet change to frozen version normal on input line 556.
LaTeX Font Info:    No math alphabet change to frozen version normal on input line 556.
LaTeX Font Info:    No math alphabet change to frozen version normal on input line 557.
LaTeX Font Info:    No math alphabet change to frozen version normal on input line 557.
LaTeX Font Info:    No math alphabet change to frozen version normal on input line 557.
LaTeX Font Info:    No math alphabet change to frozen version normal on input line 558.
LaTeX Font Info:    No math alphabet change to frozen version normal on input line 559.
LaTeX Font Info:    No math alphabet change to frozen version normal on input line 559.
LaTeX Font Info:    No math alphabet change to frozen version normal on input line 561.
LaTeX Font Info:    No math alphabet change to frozen version normal on input line 564.
LaTeX Font Info:    No math alphabet change to frozen version normal on input line 564.
LaTeX Font Info:    No math alphabet change to frozen version normal on input line 565.
LaTeX Font Info:    No math alphabet change to frozen version normal on input line 565.
LaTeX Font Info:    No math alphabet change to frozen version normal on input line 565.
LaTeX Font Info:    No math alphabet change to frozen version normal on input line 569.
LaTeX Font Info:    No math alphabet change to frozen version normal on input line 569.

Package fancyhdr Warning: \headheight is too small (12.0pt): 
(fancyhdr)                Make it at least 17.11104pt, for example:
(fancyhdr)                \setlength{\headheight}{17.11104pt}.
(fancyhdr)                You might also make \topmargin smaller:
(fancyhdr)                \addtolength{\topmargin}{-5.11104pt}.

[62]
LaTeX Font Info:    No math alphabet change to frozen version normal on input line 573.
LaTeX Font Info:    No math alphabet change to frozen version normal on input line 577.
LaTeX Font Info:    No math alphabet change to frozen version normal on input line 577.
LaTeX Font Info:    No math alphabet change to frozen version normal on input line 578.
LaTeX Font Info:    No math alphabet change to frozen version normal on input line 581.
LaTeX Font Info:    No math alphabet change to frozen version normal on input line 584.
LaTeX Font Info:    Nested math: keeping math alphabet allocation in version normal on input line 585.
LaTeX Font Info:    Nested math: keeping math alphabet allocation in version normal on input line 585.
LaTeX Font Info:    Nested math: keeping math alphabet allocation in version normal on input line 585.
LaTeX Font Info:    Nested math: keeping math alphabet allocation in version normal on input line 585.
LaTeX Font Info:    No math alphabet change to frozen version normal on input line 587.
LaTeX Font Info:    No math alphabet change to frozen version normal on input line 587.


! LaTeX Error: Environment theorem undefined.

See the LaTeX manual or LaTeX Companion for explanation.
Type  H <return>  for immediate help.
 ...                                              
                                                  
l.589 \begin{theorem}
                     [Deterministic entropy drift and inevitability]\label{t...
Your command was ignored.
Type  I <command> <return>  to replace it with another command,
or  <return>  to continue without it.

LaTeX Font Info:    No math alphabet change to frozen version normal on input line 591.
LaTeX Font Info:    No math alphabet change to frozen version normal on input line 596.
LaTeX Font Info:    No math alphabet change to frozen version normal on input line 597.
LaTeX Font Info:    No math alphabet change to frozen version normal on input line 600.
LaTeX Font Info:    No math alphabet change to frozen version normal on input line 601.
LaTeX Font Info:    No math alphabet change to frozen version normal on input line 601.
LaTeX Font Info:    No math alphabet change to frozen version normal on input line 601.
LaTeX Font Info:    No math alphabet change to frozen version normal on input line 602.
LaTeX Font Info:    No math alphabet change to frozen version normal on input line 605.
LaTeX Font Info:    No math alphabet change to frozen version normal on input line 606.
LaTeX Font Info:    No math alphabet change to frozen version normal on input line 607.
LaTeX Font Info:    No math alphabet change to frozen version normal on input line 608.

! LaTeX Error: \begin{document} ended by \end{theorem}.

See the LaTeX manual or LaTeX Companion for explanation.
Type  H <return>  for immediate help.
 ...                                              
                                                  
l.609 \end{theorem}
                   
Your command was ignored.
Type  I <command> <return>  to replace it with another command,
or  <return>  to continue without it.

LaTeX Font Info:    No math alphabet change to frozen version normal on input line 612.
LaTeX Font Info:    No math alphabet change to frozen version normal on input line 613.
LaTeX Font Info:    No math alphabet change to frozen version normal on input line 613.
LaTeX Font Info:    No math alphabet change to frozen version normal on input line 617.
LaTeX Font Info:    No math alphabet change to frozen version normal on input line 618.
LaTeX Font Info:    No math alphabet change to frozen version normal on input line 618.
LaTeX Font Info:    No math alphabet change to frozen version normal on input line 618.
LaTeX Font Info:    No math alphabet change to frozen version normal on input line 619.
LaTeX Font Info:    No math alphabet change to frozen version normal on input line 619.
LaTeX Font Info:    No math alphabet change to frozen version normal on input line 620.
LaTeX Font Info:    No math alphabet change to frozen version normal on input line 620.

! LaTeX Error: Environment theorem undefined.

See the LaTeX manual or LaTeX Companion for explanation.
Type  H <return>  for immediate help.
 ...                                              
                                                  
l.623 \begin{theorem}
                     [Stochastic entropy drift and almost-sure inevitability...
Your command was ignored.
Type  I <command> <return>  to replace it with another command,
or  <return>  to continue without it.

LaTeX Font Info:    No math alphabet change to frozen version normal on input line 625.
LaTeX Font Info:    No math alphabet change to frozen version normal on input line 630.
LaTeX Font Info:    No math alphabet change to frozen version normal on input line 634.
LaTeX Font Info:    No math alphabet change to frozen version normal on input line 638.
LaTeX Font Info:    No math alphabet change to frozen version normal on input line 639.
LaTeX Font Info:    No math alphabet change to frozen version normal on input line 640.
LaTeX Font Info:    No math alphabet change to frozen version normal on input line 642.
LaTeX Font Info:    No math alphabet change to frozen version normal on input line 642.

! LaTeX Error: \begin{document} ended by \end{theorem}.

See the LaTeX manual or LaTeX Companion for explanation.
Type  H <return>  for immediate help.
 ...                                              
                                                  
l.643 \end{theorem}
                   
Your command was ignored.
Type  I <command> <return>  to replace it with another command,
or  <return>  to continue without it.


Package fancyhdr Warning: \headheight is too small (12.0pt): 
(fancyhdr)                Make it at least 17.11104pt, for example:
(fancyhdr)                \setlength{\headheight}{17.11104pt}.
(fancyhdr)                You might also make \topmargin smaller:
(fancyhdr)                \addtolength{\topmargin}{-5.11104pt}.

[63]
LaTeX Font Info:    No math alphabet change to frozen version normal on input line 651.
LaTeX Font Info:    Nested math: keeping math alphabet allocation in version normal on input line 655.
LaTeX Font Info:    No math alphabet change to frozen version normal on input line 656.
LaTeX Font Info:    No math alphabet change to frozen version normal on input line 657.
LaTeX Font Info:    No math alphabet change to frozen version normal on input line 657.
LaTeX Font Info:    No math alphabet change to frozen version normal on input line 658.
LaTeX Font Info:    No math alphabet change to frozen version normal on input line 659.
LaTeX Font Info:    No math alphabet change to frozen version normal on input line 664.
LaTeX Font Info:    No math alphabet change to frozen version normal on input line 665.
LaTeX Font Info:    No math alphabet change to frozen version normal on input line 669.
LaTeX Font Info:    No math alphabet change to frozen version normal on input line 669.
LaTeX Font Info:    No math alphabet change to frozen version normal on input line 671.
LaTeX Font Info:    No math alphabet change to frozen version normal on input line 673.
LaTeX Font Info:    No math alphabet change to frozen version normal on input line 674.
LaTeX Font Info:    No math alphabet change to frozen version normal on input line 674.
LaTeX Font Info:    No math alphabet change to frozen version normal on input line 677.
LaTeX Font Info:    No math alphabet change to frozen version normal on input line 677.
LaTeX Font Info:    No math alphabet change to frozen version normal on input line 678.
LaTeX Font Info:    No math alphabet change to frozen version normal on input line 678.
LaTeX Font Info:    No math alphabet change to frozen version normal on input line 679.

! Undefined control sequence.
l.690 \subsubsubsection
                       *{Trajectories and probability measures}
The control sequence at the end of the top line
of your error message was never \def'ed. If you have
misspelled it (e.g., `\hobx'), type `I' and the correct
spelling (e.g., `I\hbox'). Otherwise just continue,
and I'll forget about whatever was undefined.

LaTeX Font Info:    No math alphabet change to frozen version normal on input line 694.
LaTeX Font Info:    Nested math: keeping math alphabet allocation in version normal on input line 699.
LaTeX Font Info:    Nested math: keeping math alphabet allocation in version normal on input line 699.
LaTeX Font Info:    No math alphabet change to frozen version normal on input line 700.
LaTeX Font Info:    No math alphabet change to frozen version normal on input line 701.
LaTeX Font Info:    No math alphabet change to frozen version normal on input line 702.
LaTeX Font Info:    No math alphabet change to frozen version normal on input line 707.
LaTeX Font Info:    No math alphabet change to frozen version normal on input line 708.
LaTeX Font Info:    No math alphabet change to frozen version normal on input line 715.
LaTeX Font Info:    No math alphabet change to frozen version normal on input line 719.
LaTeX Font Info:    No math alphabet change to frozen version normal on input line 720.
LaTeX Font Info:    No math alphabet change to frozen version normal on input line 721.
LaTeX Font Info:    No math alphabet change to frozen version normal on input line 726.
LaTeX Font Info:    No math alphabet change to frozen version normal on input line 727.
LaTeX Font Info:    No math alphabet change to frozen version normal on input line 728.
LaTeX Font Info:    No math alphabet change to frozen version normal on input line 729.
LaTeX Font Info:    No math alphabet change to frozen version normal on input line 733.
LaTeX Font Info:    No math alphabet change to frozen version normal on input line 733.
! Undefined control sequence.
l.736 \subsubsubsection
                       *{Hallucination events}
The control sequence at the end of the top line
of your error message was never \def'ed. If you have
misspelled it (e.g., `\hobx'), type `I' and the correct
spelling (e.g., `I\hbox'). Otherwise just continue,
and I'll forget about whatever was undefined.


Package fancyhdr Warning: \headheight is too small (12.0pt): 
(fancyhdr)                Make it at least 17.11104pt, for example:
(fancyhdr)                \setlength{\headheight}{17.11104pt}.
(fancyhdr)                You might also make \topmargin smaller:
(fancyhdr)                \addtolength{\topmargin}{-5.11104pt}.

[64]
LaTeX Font Info:    No math alphabet change to frozen version normal on input line 738.
LaTeX Font Info:    Undo math alphabet allocation in version normal on input line 742.
LaTeX Font Info:    No math alphabet change to frozen version normal on input line 745.
LaTeX Font Info:    No math alphabet change to frozen version normal on input line 745.
LaTeX Font Info:    Nested math: keeping math alphabet allocation in version normal on input line 750.
LaTeX Font Info:    Nested math: keeping math alphabet allocation in version normal on input line 750.
LaTeX Font Info:    Undo math alphabet allocation in version normal on input line 751.
LaTeX Font Info:    Nested math: keeping math alphabet allocation in version normal on input line 756.
LaTeX Font Info:    Nested math: keeping math alphabet allocation in version normal on input line 756.
LaTeX Font Info:    No math alphabet change to frozen version normal on input line 757.
LaTeX Font Info:    No math alphabet change to frozen version normal on input line 758.
LaTeX Font Info:    No math alphabet change to frozen version normal on input line 758.
LaTeX Font Info:    No math alphabet change to frozen version normal on input line 770.


! LaTeX Error: Environment theorem undefined.

See the LaTeX manual or LaTeX Companion for explanation.
Type  H <return>  for immediate help.
 ...                                              
                                                  
l.775 \begin{theorem}
                     [Almost-sure inevitability under stochastic pipelines]
Your command was ignored.
Type  I <command> <return>  to replace it with another command,
or  <return>  to continue without it.

LaTeX Font Info:    No math alphabet change to frozen version normal on input line 777.
LaTeX Font Info:    No math alphabet change to frozen version normal on input line 777.
LaTeX Font Info:    No math alphabet change to frozen version normal on input line 778.
LaTeX Font Info:    Nested math: keeping math alphabet allocation in version normal on input line 780.
LaTeX Font Info:    Nested math: keeping math alphabet allocation in version normal on input line 780.
LaTeX Font Info:    Nested math: keeping math alphabet allocation in version normal on input line 780.
LaTeX Font Info:    Nested math: keeping math alphabet allocation in version normal on input line 782.
LaTeX Font Info:    Nested math: keeping math alphabet allocation in version normal on input line 782.
LaTeX Font Info:    No math alphabet change to frozen version normal on input line 785.

! LaTeX Error: \begin{document} ended by \end{theorem}.

See the LaTeX manual or LaTeX Companion for explanation.
Type  H <return>  for immediate help.
 ...                                              
                                                  
l.786 \end{theorem}
                   
Your command was ignored.
Type  I <command> <return>  to replace it with another command,
or  <return>  to continue without it.

LaTeX Font Info:    No math alphabet change to frozen version normal on input line 789.
LaTeX Font Info:    No math alphabet change to frozen version normal on input line 790.
LaTeX Font Info:    No math alphabet change to frozen version normal on input line 790.
LaTeX Font Info:    No math alphabet change to frozen version normal on input line 791.
LaTeX Font Info:    No math alphabet change to frozen version normal on input line 791.
LaTeX Font Info:    No math alphabet change to frozen version normal on input line 792.
LaTeX Font Info:    No math alphabet change to frozen version normal on input line 792.
LaTeX Font Info:    Nested math: keeping math alphabet allocation in version normal on input line 794.
LaTeX Font Info:    No math alphabet change to frozen version normal on input line 801.
! Undefined control sequence.
l.808 \subsubsubsection
                       *{Probabilistic confluence}
The control sequence at the end of the top line
of your error message was never \def'ed. If you have
misspelled it (e.g., `\hobx'), type `I' and the correct
spelling (e.g., `I\hbox'). Otherwise just continue,
and I'll forget about whatever was undefined.

LaTeX Font Info:    No math alphabet change to frozen version normal on input line 814.
LaTeX Font Info:    No math alphabet change to frozen version normal on input line 814.
LaTeX Font Info:    No math alphabet change to frozen version normal on input line 815.
LaTeX Font Info:    No math alphabet change to frozen version normal on input line 816.
LaTeX Font Info:    No math alphabet change to frozen version normal on input line 817.
LaTeX Font Info:    No math alphabet change to frozen version normal on input line 820.
LaTeX Font Info:    No math alphabet change to frozen version normal on input line 821.
LaTeX Font Info:    No math alphabet change to frozen version normal on input line 822.
LaTeX Font Info:    No math alphabet change to frozen version normal on input line 824.
LaTeX Font Info:    No math alphabet change to frozen version normal on input line 825.
LaTeX Font Info:    No math alphabet change to frozen version normal on input line 826.
LaTeX Font Info:    No math alphabet change to frozen version normal on input line 827.
LaTeX Font Info:    No math alphabet change to frozen version normal on input line 831.
LaTeX Font Info:    No math alphabet change to frozen version normal on input line 832.
! Undefined control sequence.
l.842 \subsubsubsection
                       *{Hallucination time}
The control sequence at the end of the top line
of your error message was never \def'ed. If you have
misspelled it (e.g., `\hobx'), type `I' and the correct
spelling (e.g., `I\hbox'). Otherwise just continue,
and I'll forget about whatever was undefined.


Package fancyhdr Warning: \headheight is too small (12.0pt): 
(fancyhdr)                Make it at least 17.11104pt, for example:
(fancyhdr)                \setlength{\headheight}{17.11104pt}.
(fancyhdr)                You might also make \topmargin smaller:
(fancyhdr)                \addtolength{\topmargin}{-5.11104pt}.

[65]
LaTeX Font Info:    No math alphabet change to frozen version normal on input line 845.
LaTeX Font Info:    Undo math alphabet allocation in version normal on input line 851.
LaTeX Font Info:    No math alphabet change to frozen version normal on input line 852.
LaTeX Font Info:    No math alphabet change to frozen version normal on input line 856.
LaTeX Font Info:    No math alphabet change to frozen version normal on input line 856.
LaTeX Font Info:    No math alphabet change to frozen version normal on input line 858.
LaTeX Font Info:    No math alphabet change to frozen version normal on input line 865.
LaTeX Font Info:    No math alphabet change to frozen version normal on input line 870.
LaTeX Font Info:    No math alphabet change to frozen version normal on input line 870.
LaTeX Font Info:    No math alphabet change to frozen version normal on input line 871.
LaTeX Font Info:    No math alphabet change to frozen version normal on input line 871.
LaTeX Font Info:    No math alphabet change to frozen version normal on input line 872.
LaTeX Font Info:    No math alphabet change to frozen version normal on input line 872.
LaTeX Font Info:    No math alphabet change to frozen version normal on input line 876.
LaTeX Font Info:    No math alphabet change to frozen version normal on input line 882.
LaTeX Font Info:    No math alphabet change to frozen version normal on input line 883.
LaTeX Font Info:    No math alphabet change to frozen version normal on input line 884.
LaTeX Font Info:    No math alphabet change to frozen version normal on input line 887.
LaTeX Font Info:    No math alphabet change to frozen version normal on input line 888.
LaTeX Font Info:    No math alphabet change to frozen version normal on input line 889.
LaTeX Font Info:    No math alphabet change to frozen version normal on input line 889.
LaTeX Font Info:    No math alphabet change to frozen version normal on input line 890.
LaTeX Font Info:    No math alphabet change to frozen version normal on input line 891.
LaTeX Font Info:    No math alphabet change to frozen version normal on input line 891.

! Undefined control sequence.
l.894 \subsubsubsection
                       *{A finite-time bound under strengthened assumptions}
The control sequence at the end of the top line
of your error message was never \def'ed. If you have
misspelled it (e.g., `\hobx'), type `I' and the correct
spelling (e.g., `I\hbox'). Otherwise just continue,
and I'll forget about whatever was undefined.

LaTeX Font Info:    No math alphabet change to frozen version normal on input line 903.
LaTeX Font Info:    No math alphabet change to frozen version normal on input line 904.
LaTeX Font Info:    No math alphabet change to frozen version normal on input line 904.
LaTeX Font Info:    No math alphabet change to frozen version normal on input line 905.
LaTeX Font Info:    No math alphabet change to frozen version normal on input line 906.
LaTeX Font Info:    No math alphabet change to frozen version normal on input line 909.
LaTeX Font Info:    No math alphabet change to frozen version normal on input line 911.
LaTeX Font Info:    No math alphabet change to frozen version normal on input line 912.
LaTeX Font Info:    No math alphabet change to frozen version normal on input line 913.
LaTeX Font Info:    No math alphabet change to frozen version normal on input line 913.
LaTeX Font Info:    No math alphabet change to frozen version normal on input line 917.
LaTeX Font Info:    No math alphabet change to frozen version normal on input line 919.
LaTeX Font Info:    Undo math alphabet allocation in version normal on input line 919.
LaTeX Font Info:    No math alphabet change to frozen version normal on input line 920.
LaTeX Font Info:    No math alphabet change to frozen version normal on input line 927.
LaTeX Font Info:    No math alphabet change to frozen version normal on input line 934.
LaTeX Font Info:    No math alphabet change to frozen version normal on input line 935.
LaTeX Font Info:    No math alphabet change to frozen version normal on input line 940.
LaTeX Font Info:    No math alphabet change to frozen version normal on input line 943.
LaTeX Font Info:    No math alphabet change to frozen version normal on input line 944.

Package fancyhdr Warning: \headheight is too small (12.0pt): 
(fancyhdr)                Make it at least 17.11104pt, for example:
(fancyhdr)                \setlength{\headheight}{17.11104pt}.
(fancyhdr)                You might also make \topmargin smaller:
(fancyhdr)                \addtolength{\topmargin}{-5.11104pt}.

[66]
LaTeX Font Info:    No math alphabet change to frozen version normal on input line 947.
LaTeX Font Info:    No math alphabet change to frozen version normal on input line 948.
LaTeX Font Info:    No math alphabet change to frozen version normal on input line 949.
LaTeX Font Info:    No math alphabet change to frozen version normal on input line 949.
LaTeX Font Info:    No math alphabet change to frozen version normal on input line 950.
LaTeX Font Info:    Undo math alphabet allocation in version normal on input line 950.
LaTeX Font Info:    No math alphabet change to frozen version normal on input line 951.
LaTeX Font Info:    No math alphabet change to frozen version normal on input line 951.
LaTeX Font Info:    Undo math alphabet allocation in version normal on input line 954.
LaTeX Font Info:    Undo math alphabet allocation in version normal on input line 955.
LaTeX Font Info:    No math alphabet change to frozen version normal on input line 956.

! Undefined control sequence.
l.963 \subsubsubsection
                       *{Stochastic finite horizons}
The control sequence at the end of the top line
of your error message was never \def'ed. If you have
misspelled it (e.g., `\hobx'), type `I' and the correct
spelling (e.g., `I\hbox'). Otherwise just continue,
and I'll forget about whatever was undefined.

LaTeX Font Info:    No math alphabet change to frozen version normal on input line 969.
LaTeX Font Info:    No math alphabet change to frozen version normal on input line 972.
LaTeX Font Info:    No math alphabet change to frozen version normal on input line 977.
LaTeX Font Info:    No math alphabet change to frozen version normal on input line 978.
LaTeX Font Info:    No math alphabet change to frozen version normal on input line 979.
LaTeX Font Info:    No math alphabet change to frozen version normal on input line 985.
LaTeX Font Info:    No math alphabet change to frozen version normal on input line 987.
LaTeX Font Info:    No math alphabet change to frozen version normal on input line 988.
LaTeX Font Info:    No math alphabet change to frozen version normal on input line 988.
LaTeX Font Info:    No math alphabet change to frozen version normal on input line 989.
LaTeX Font Info:    No math alphabet change to frozen version normal on input line 994.
LaTeX Font Info:    No math alphabet change to frozen version normal on input line 994.
LaTeX Font Info:    No math alphabet change to frozen version normal on input line 995.
LaTeX Font Info:    No math alphabet change to frozen version normal on input line 996.
LaTeX Font Info:    No math alphabet change to frozen version normal on input line 996.
LaTeX Font Info:    No math alphabet change to frozen version normal on input line 997.
LaTeX Font Info:    No math alphabet change to frozen version normal on input line 1005.
LaTeX Font Info:    No math alphabet change to frozen version normal on input line 1006.
LaTeX Font Info:    No math alphabet change to frozen version normal on input line 1007.
LaTeX Font Info:    No math alphabet change to frozen version normal on input line 1011.
LaTeX Font Info:    No math alphabet change to frozen version normal on input line 1011.
LaTeX Font Info:    No math alphabet change to frozen version normal on input line 1012.
LaTeX Font Info:    No math alphabet change to frozen version normal on input line 1013.
LaTeX Font Info:    No math alphabet change to frozen version normal on input line 1016.
LaTeX Font Info:    Nested math: keeping math alphabet allocation in version normal on input line 1018.
LaTeX Font Info:    Nested math: keeping math alphabet allocation in version normal on input line 1018.
LaTeX Font Info:    No math alphabet change to frozen version normal on input line 1020.
LaTeX Font Info:    No math alphabet change to frozen version normal on input line 1022.
LaTeX Font Info:    No math alphabet change to frozen version normal on input line 1025.
LaTeX Font Info:    No math alphabet change to frozen version normal on input line 1033.
LaTeX Font Info:    No math alphabet change to frozen version normal on input line 1034.
LaTeX Font Info:    Nested math: keeping math alphabet allocation in version normal on input line 1036.
LaTeX Font Info:    Nested math: keeping math alphabet allocation in version normal on input line 1036.

Package fancyhdr Warning: \headheight is too small (12.0pt): 
(fancyhdr)                Make it at least 17.11104pt, for example:
(fancyhdr)                \setlength{\headheight}{17.11104pt}.
(fancyhdr)                You might also make \topmargin smaller:
(fancyhdr)                \addtolength{\topmargin}{-5.11104pt}.

[67]
LaTeX Font Info:    No math alphabet change to frozen version normal on input line 1041.
LaTeX Font Info:    No math alphabet change to frozen version normal on input line 1042.
LaTeX Font Info:    No math alphabet change to frozen version normal on input line 1046.
LaTeX Font Info:    No math alphabet change to frozen version normal on input line 1064.
LaTeX Font Info:    No math alphabet change to frozen version normal on input line 1065.
LaTeX Font Info:    No math alphabet change to frozen version normal on input line 1065.
LaTeX Font Info:    No math alphabet change to frozen version normal on input line 1066.
LaTeX Font Info:    No math alphabet change to frozen version normal on input line 1066.
LaTeX Font Info:    No math alphabet change to frozen version normal on input line 1066.
LaTeX Font Info:    No math alphabet change to frozen version normal on input line 1070.
LaTeX Font Info:    No math alphabet change to frozen version normal on input line 1071.
LaTeX Font Info:    No math alphabet change to frozen version normal on input line 1071.
LaTeX Font Info:    No math alphabet change to frozen version normal on input line 1074.
LaTeX Font Info:    No math alphabet change to frozen version normal on input line 1074.
LaTeX Font Info:    No math alphabet change to frozen version normal on input line 1075.
LaTeX Font Info:    No math alphabet change to frozen version normal on input line 1079.
LaTeX Font Info:    No math alphabet change to frozen version normal on input line 1082.
LaTeX Font Info:    No math alphabet change to frozen version normal on input line 1083.
LaTeX Font Info:    No math alphabet change to frozen version normal on input line 1083.
LaTeX Font Info:    No math alphabet change to frozen version normal on input line 1084.
LaTeX Font Info:    No math alphabet change to frozen version normal on input line 1084.
LaTeX Font Info:    No math alphabet change to frozen version normal on input line 1088.
LaTeX Font Info:    No math alphabet change to frozen version normal on input line 1089.
LaTeX Font Info:    No math alphabet change to frozen version normal on input line 1094.
LaTeX Font Info:    No math alphabet change to frozen version normal on input line 1097.
LaTeX Font Info:    No math alphabet change to frozen version normal on input line 1098.
LaTeX Font Info:    No math alphabet change to frozen version normal on input line 1098.
LaTeX Font Info:    No math alphabet change to frozen version normal on input line 1099.
LaTeX Font Info:    No math alphabet change to frozen version normal on input line 1104.
LaTeX Font Info:    No math alphabet change to frozen version normal on input line 1105.
LaTeX Font Info:    No math alphabet change to frozen version normal on input line 1105.
LaTeX Font Info:    No math alphabet change to frozen version normal on input line 1106.
LaTeX Font Info:    No math alphabet change to frozen version normal on input line 1107.
LaTeX Font Info:    No math alphabet change to frozen version normal on input line 1111.
LaTeX Font Info:    No math alphabet change to frozen version normal on input line 1112.
LaTeX Font Info:    No math alphabet change to frozen version normal on input line 1112.
LaTeX Font Info:    No math alphabet change to frozen version normal on input line 1115.
LaTeX Font Info:    No math alphabet change to frozen version normal on input line 1115.
LaTeX Font Info:    No math alphabet change to frozen version normal on input line 1116.


Package fancyhdr Warning: \headheight is too small (12.0pt): 
(fancyhdr)                Make it at least 17.11104pt, for example:
(fancyhdr)                \setlength{\headheight}{17.11104pt}.
(fancyhdr)                You might also make \topmargin smaller:
(fancyhdr)                \addtolength{\topmargin}{-5.11104pt}.

[68]
LaTeX Font Info:    No math alphabet change to frozen version normal on input line 1120.
LaTeX Font Info:    No math alphabet change to frozen version normal on input line 1121.
LaTeX Font Info:    No math alphabet change to frozen version normal on input line 1122.
LaTeX Font Info:    No math alphabet change to frozen version normal on input line 1130.
LaTeX Font Info:    No math alphabet change to frozen version normal on input line 1131.
LaTeX Font Info:    No math alphabet change to frozen version normal on input line 1131.
LaTeX Font Info:    No math alphabet change to frozen version normal on input line 1135.
LaTeX Font Info:    No math alphabet change to frozen version normal on input line 1136.
LaTeX Font Info:    No math alphabet change to frozen version normal on input line 1136.
LaTeX Font Info:    No math alphabet change to frozen version normal on input line 1137.
LaTeX Font Info:    No math alphabet change to frozen version normal on input line 1140.
LaTeX Font Info:    No math alphabet change to frozen version normal on input line 1141.
LaTeX Font Info:    No math alphabet change to frozen version normal on input line 1141.
LaTeX Font Info:    No math alphabet change to frozen version normal on input line 1146.
LaTeX Font Info:    No math alphabet change to frozen version normal on input line 1146.
LaTeX Font Info:    No math alphabet change to frozen version normal on input line 1149.
LaTeX Font Info:    No math alphabet change to frozen version normal on input line 1149.
LaTeX Font Info:    No math alphabet change to frozen version normal on input line 1154.
LaTeX Font Info:    No math alphabet change to frozen version normal on input line 1155.
LaTeX Font Info:    No math alphabet change to frozen version normal on input line 1173.
LaTeX Font Info:    No math alphabet change to frozen version normal on input line 1174.
LaTeX Font Info:    No math alphabet change to frozen version normal on input line 1175.
LaTeX Font Info:    No math alphabet change to frozen version normal on input line 1176.
LaTeX Font Info:    No math alphabet change to frozen version normal on input line 1177.
LaTeX Font Info:    No math alphabet change to frozen version normal on input line 1178.
LaTeX Font Info:    No math alphabet change to frozen version normal on input line 1185.
LaTeX Font Info:    No math alphabet change to frozen version normal on input line 1185.
LaTeX Font Info:    No math alphabet change to frozen version normal on input line 1192.
LaTeX Font Info:    No math alphabet change to frozen version normal on input line 1192.


Package fancyhdr Warning: \headheight is too small (12.0pt): 
(fancyhdr)                Make it at least 17.11104pt, for example:
(fancyhdr)                \setlength{\headheight}{17.11104pt}.
(fancyhdr)                You might also make \topmargin smaller:
(fancyhdr)                \addtolength{\topmargin}{-5.11104pt}.

[69]
LaTeX Font Info:    No math alphabet change to frozen version normal on input line 1197.
LaTeX Font Info:    No math alphabet change to frozen version normal on input line 1198.
LaTeX Font Info:    No math alphabet change to frozen version normal on input line 1201.
LaTeX Font Info:    No math alphabet change to frozen version normal on input line 1214.
LaTeX Font Info:    No math alphabet change to frozen version normal on input line 1215.
LaTeX Font Info:    No math alphabet change to frozen version normal on input line 1216.
LaTeX Font Info:    No math alphabet change to frozen version normal on input line 1232.
) (./appendix_c_la_te_xDEC20.tex
LaTeX Font Info:    No math alphabet change to frozen version normal on input line 11.


Package fancyhdr Warning: \headheight is too small (12.0pt): 
(fancyhdr)                Make it at least 17.11104pt, for example:
(fancyhdr)                \setlength{\headheight}{17.11104pt}.
(fancyhdr)                You might also make \topmargin smaller:
(fancyhdr)                \addtolength{\topmargin}{-5.11104pt}.

[70]
LaTeX Font Info:    No math alphabet change to frozen version normal on input line 38.
LaTeX Font Info:    No math alphabet change to frozen version normal on input line 41.
LaTeX Font Info:    No math alphabet change to frozen version normal on input line 42.
LaTeX Font Info:    No math alphabet change to frozen version normal on input line 43.
LaTeX Font Info:    No math alphabet change to frozen version normal on input line 44.
LaTeX Font Info:    No math alphabet change to frozen version normal on input line 45.
LaTeX Font Info:    No math alphabet change to frozen version normal on input line 46.
LaTeX Font Info:    No math alphabet change to frozen version normal on input line 50.
LaTeX Font Info:    No math alphabet change to frozen version normal on input line 51.
LaTeX Font Info:    No math alphabet change to frozen version normal on input line 51.
LaTeX Font Info:    No math alphabet change to frozen version normal on input line 52.
LaTeX Font Info:    No math alphabet change to frozen version normal on input line 58.
LaTeX Font Info:    No math alphabet change to frozen version normal on input line 58.
LaTeX Font Info:    No math alphabet change to frozen version normal on input line 59.
LaTeX Font Info:    No math alphabet change to frozen version normal on input line 61.
LaTeX Font Info:    No math alphabet change to frozen version normal on input line 62.
LaTeX Font Info:    No math alphabet change to frozen version normal on input line 62.
LaTeX Font Info:    No math alphabet change to frozen version normal on input line 63.
LaTeX Font Info:    No math alphabet change to frozen version normal on input line 63.
LaTeX Font Info:    No math alphabet change to frozen version normal on input line 66.
LaTeX Font Info:    No math alphabet change to frozen version normal on input line 67.
LaTeX Font Info:    No math alphabet change to frozen version normal on input line 71.
LaTeX Font Info:    No math alphabet change to frozen version normal on input line 75.
LaTeX Font Info:    No math alphabet change to frozen version normal on input line 81.
LaTeX Font Info:    No math alphabet change to frozen version normal on input line 82.
LaTeX Font Info:    No math alphabet change to frozen version normal on input line 82.
LaTeX Font Info:    No math alphabet change to frozen version normal on input line 83.
LaTeX Font Info:    No math alphabet change to frozen version normal on input line 86.
LaTeX Font Info:    No math alphabet change to frozen version normal on input line 87.
LaTeX Font Info:    No math alphabet change to frozen version normal on input line 87.
LaTeX Font Info:    No math alphabet change to frozen version normal on input line 89.
LaTeX Font Info:    No math alphabet change to frozen version normal on input line 93.
LaTeX Font Info:    No math alphabet change to frozen version normal on input line 93.
LaTeX Font Info:    No math alphabet change to frozen version normal on input line 97.
LaTeX Font Info:    No math alphabet change to frozen version normal on input line 104.
LaTeX Font Info:    No math alphabet change to frozen version normal on input line 108.
LaTeX Font Info:    No math alphabet change to frozen version normal on input line 109.
LaTeX Font Info:    No math alphabet change to frozen version normal on input line 109.
LaTeX Font Info:    No math alphabet change to frozen version normal on input line 110.
LaTeX Font Info:    No math alphabet change to frozen version normal on input line 111.
LaTeX Font Info:    No math alphabet change to frozen version normal on input line 113.
LaTeX Font Info:    No math alphabet change to frozen version normal on input line 113.


Package fancyhdr Warning: \headheight is too small (12.0pt): 
(fancyhdr)                Make it at least 17.11104pt, for example:
(fancyhdr)                \setlength{\headheight}{17.11104pt}.
(fancyhdr)                You might also make \topmargin smaller:
(fancyhdr)                \addtolength{\topmargin}{-5.11104pt}.

[71]
LaTeX Font Info:    No math alphabet change to frozen version normal on input line 119.
LaTeX Font Info:    No math alphabet change to frozen version normal on input line 119.
LaTeX Font Info:    No math alphabet change to frozen version normal on input line 120.
LaTeX Font Info:    No math alphabet change to frozen version normal on input line 121.
LaTeX Font Info:    No math alphabet change to frozen version normal on input line 124.
LaTeX Font Info:    No math alphabet change to frozen version normal on input line 125.
LaTeX Font Info:    No math alphabet change to frozen version normal on input line 125.
LaTeX Font Info:    No math alphabet change to frozen version normal on input line 126.
LaTeX Font Info:    No math alphabet change to frozen version normal on input line 133.
LaTeX Font Info:    No math alphabet change to frozen version normal on input line 134.
LaTeX Font Info:    Nested math: keeping math alphabet allocation in version normal on input line 135.
LaTeX Font Info:    Nested math: keeping math alphabet allocation in version normal on input line 135.
LaTeX Font Info:    No math alphabet change to frozen version normal on input line 135.
LaTeX Font Info:    No math alphabet change to frozen version normal on input line 135.
LaTeX Font Info:    No math alphabet change to frozen version normal on input line 136.
LaTeX Font Info:    No math alphabet change to frozen version normal on input line 136.
LaTeX Font Info:    No math alphabet change to frozen version normal on input line 142.
LaTeX Font Info:    Nested math: keeping math alphabet allocation in version normal on input line 144.
LaTeX Font Info:    Nested math: keeping math alphabet allocation in version normal on input line 144.
LaTeX Font Info:    No math alphabet change to frozen version normal on input line 145.
LaTeX Font Info:    No math alphabet change to frozen version normal on input line 146.
LaTeX Font Info:    No math alphabet change to frozen version normal on input line 146.
LaTeX Font Info:    No math alphabet change to frozen version normal on input line 147.
LaTeX Font Info:    No math alphabet change to frozen version normal on input line 149.
LaTeX Font Info:    No math alphabet change to frozen version normal on input line 149.
LaTeX Font Info:    No math alphabet change to frozen version normal on input line 150.
LaTeX Font Info:    No math alphabet change to frozen version normal on input line 150.
LaTeX Font Info:    No math alphabet change to frozen version normal on input line 150.
LaTeX Font Info:    No math alphabet change to frozen version normal on input line 150.
LaTeX Font Info:    No math alphabet change to frozen version normal on input line 151.
LaTeX Font Info:    No math alphabet change to frozen version normal on input line 151.
LaTeX Font Info:    No math alphabet change to frozen version normal on input line 151.
LaTeX Font Info:    No math alphabet change to frozen version normal on input line 152.
LaTeX Font Info:    No math alphabet change to frozen version normal on input line 155.
LaTeX Font Info:    Nested math: keeping math alphabet allocation in version normal on input line 157.
LaTeX Font Info:    Nested math: keeping math alphabet allocation in version normal on input line 157.
LaTeX Font Info:    Nested math: keeping math alphabet allocation in version normal on input line 157.
LaTeX Font Info:    Nested math: keeping math alphabet allocation in version normal on input line 157.
LaTeX Font Info:    No math alphabet change to frozen version normal on input line 158.
LaTeX Font Info:    No math alphabet change to frozen version normal on input line 159.
LaTeX Font Info:    No math alphabet change to frozen version normal on input line 160.
LaTeX Font Info:    No math alphabet change to frozen version normal on input line 166.
LaTeX Font Info:    No math alphabet change to frozen version normal on input line 167.
LaTeX Font Info:    No math alphabet change to frozen version normal on input line 167.
LaTeX Font Info:    No math alphabet change to frozen version normal on input line 167.
LaTeX Font Info:    Nested math: keeping math alphabet allocation in version normal on input line 168.
LaTeX Font Info:    Nested math: keeping math alphabet allocation in version normal on input line 168.
LaTeX Font Info:    No math alphabet change to frozen version normal on input line 168.
LaTeX Font Info:    No math alphabet change to frozen version normal on input line 175.
LaTeX Font Info:    No math alphabet change to frozen version normal on input line 175.
LaTeX Font Info:    No math alphabet change to frozen version normal on input line 176.
LaTeX Font Info:    No math alphabet change to frozen version normal on input line 177.
LaTeX Font Info:    No math alphabet change to frozen version normal on input line 177.
LaTeX Font Info:    No math alphabet change to frozen version normal on input line 178.
LaTeX Font Info:    No math alphabet change to frozen version normal on input line 179.
LaTeX Font Info:    No math alphabet change to frozen version normal on input line 181.
LaTeX Font Info:    No math alphabet change to frozen version normal on input line 181.
LaTeX Font Info:    No math alphabet change to frozen version normal on input line 182.
LaTeX Font Info:    No math alphabet change to frozen version normal on input line 183.
LaTeX Font Info:    No math alphabet change to frozen version normal on input line 186.
LaTeX Font Info:    No math alphabet change to frozen version normal on input line 188.
LaTeX Font Info:    No math alphabet change to frozen version normal on input line 188.
LaTeX Font Info:    No math alphabet change to frozen version normal on input line 192.
LaTeX Font Info:    No math alphabet change to frozen version normal on input line 192.
LaTeX Font Info:    No math alphabet change to frozen version normal on input line 193.
LaTeX Font Info:    No math alphabet change to frozen version normal on input line 193.
LaTeX Font Info:    No math alphabet change to frozen version normal on input line 193.


Package fancyhdr Warning: \headheight is too small (12.0pt): 
(fancyhdr)                Make it at least 17.11104pt, for example:
(fancyhdr)                \setlength{\headheight}{17.11104pt}.
(fancyhdr)                You might also make \topmargin smaller:
(fancyhdr)                \addtolength{\topmargin}{-5.11104pt}.

[72]
LaTeX Font Info:    No math alphabet change to frozen version normal on input line 197.
LaTeX Font Info:    Nested math: keeping math alphabet allocation in version normal on input line 200.
LaTeX Font Info:    No math alphabet change to frozen version normal on input line 201.
LaTeX Font Info:    No math alphabet change to frozen version normal on input line 202.
LaTeX Font Info:    No math alphabet change to frozen version normal on input line 210.
LaTeX Font Info:    No math alphabet change to frozen version normal on input line 217.
LaTeX Font Info:    No math alphabet change to frozen version normal on input line 221.
LaTeX Font Info:    No math alphabet change to frozen version normal on input line 222.
LaTeX Font Info:    No math alphabet change to frozen version normal on input line 225.
LaTeX Font Info:    No math alphabet change to frozen version normal on input line 234.
LaTeX Font Info:    No math alphabet change to frozen version normal on input line 234.
LaTeX Font Info:    No math alphabet change to frozen version normal on input line 235.
LaTeX Font Info:    No math alphabet change to frozen version normal on input line 238.
LaTeX Font Info:    No math alphabet change to frozen version normal on input line 240.
LaTeX Font Info:    No math alphabet change to frozen version normal on input line 242.
LaTeX Font Info:    No math alphabet change to frozen version normal on input line 242.
LaTeX Font Info:    No math alphabet change to frozen version normal on input line 247.
LaTeX Font Info:    No math alphabet change to frozen version normal on input line 247.
LaTeX Font Info:    No math alphabet change to frozen version normal on input line 248.
LaTeX Font Info:    No math alphabet change to frozen version normal on input line 248.
LaTeX Font Info:    No math alphabet change to frozen version normal on input line 249.
LaTeX Font Info:    No math alphabet change to frozen version normal on input line 253.
LaTeX Font Info:    No math alphabet change to frozen version normal on input line 254.
LaTeX Font Info:    Nested math: keeping math alphabet allocation in version normal on input line 256.
LaTeX Font Info:    Nested math: keeping math alphabet allocation in version normal on input line 256.
LaTeX Font Info:    No math alphabet change to frozen version normal on input line 257.


! LaTeX Error: Environment theorem undefined.

See the LaTeX manual or LaTeX Companion for explanation.
Type  H <return>  for immediate help.
 ...                                              
                                                  
l.260 \begin{theorem}
                     [Consensus stability]
Your command was ignored.
Type  I <command> <return>  to replace it with another command,
or  <return>  to continue without it.


! LaTeX Error: \begin{document} ended by \end{theorem}.

See the LaTeX manual or LaTeX Companion for explanation.
Type  H <return>  for immediate help.
 ...                                              
                                                  
l.262 \end{theorem}
                   
Your command was ignored.
Type  I <command> <return>  to replace it with another command,
or  <return>  to continue without it.

LaTeX Font Info:    No math alphabet change to frozen version normal on input line 265.
LaTeX Font Info:    No math alphabet change to frozen version normal on input line 267.
LaTeX Font Info:    No math alphabet change to frozen version normal on input line 268.

Package fancyhdr Warning: \headheight is too small (12.0pt): 
(fancyhdr)                Make it at least 17.11104pt, for example:
(fancyhdr)                \setlength{\headheight}{17.11104pt}.
(fancyhdr)                You might also make \topmargin smaller:
(fancyhdr)                \addtolength{\topmargin}{-5.11104pt}.

[73]

! LaTeX Error: Environment theorem undefined.

See the LaTeX manual or LaTeX Companion for explanation.
Type  H <return>  for immediate help.
 ...                                              
                                                  
l.280 \begin{theorem}
                     [No fully automated consensus elimination]
Your command was ignored.
Type  I <command> <return>  to replace it with another command,
or  <return>  to continue without it.


! LaTeX Error: \begin{document} ended by \end{theorem}.

See the LaTeX manual or LaTeX Companion for explanation.
Type  H <return>  for immediate help.
 ...                                              
                                                  
l.284 \end{theorem}
                   
Your command was ignored.
Type  I <command> <return>  to replace it with another command,
or  <return>  to continue without it.


! LaTeX Error: Environment theorem undefined.

See the LaTeX manual or LaTeX Companion for explanation.
Type  H <return>  for immediate help.
 ...                                              
                                                  
l.303 \begin{theorem}
                     [Collective hallucination inevitability]
Your command was ignored.
Type  I <command> <return>  to replace it with another command,
or  <return>  to continue without it.

LaTeX Font Info:    No math alphabet change to frozen version normal on input line 304.
LaTeX Font Info:    No math alphabet change to frozen version normal on input line 306.
LaTeX Font Info:    No math alphabet change to frozen version normal on input line 307.
LaTeX Font Info:    No math alphabet change to frozen version normal on input line 308.
LaTeX Font Info:    No math alphabet change to frozen version normal on input line 311.
LaTeX Font Info:    No math alphabet change to frozen version normal on input line 311.
LaTeX Font Info:    No math alphabet change to frozen version normal on input line 314.
LaTeX Font Info:    Nested math: keeping math alphabet allocation in version normal on input line 317.
LaTeX Font Info:    Nested math: keeping math alphabet allocation in version normal on input line 317.
LaTeX Font Info:    No math alphabet change to frozen version normal on input line 318.
LaTeX Font Info:    No math alphabet change to frozen version normal on input line 320.
LaTeX Font Info:    No math alphabet change to frozen version normal on input line 322.

! LaTeX Error: \begin{document} ended by \end{theorem}.

See the LaTeX manual or LaTeX Companion for explanation.
Type  H <return>  for immediate help.
 ...                                              
                                                  
l.323 \end{theorem}
                   
Your command was ignored.
Type  I <command> <return>  to replace it with another command,
or  <return>  to continue without it.

LaTeX Font Info:    No math alphabet change to frozen version normal on input line 326.
LaTeX Font Info:    No math alphabet change to frozen version normal on input line 328.
LaTeX Font Info:    No math alphabet change to frozen version normal on input line 329.
LaTeX Font Info:    No math alphabet change to frozen version normal on input line 329.
LaTeX Font Info:    No math alphabet change to frozen version normal on input line 332.
LaTeX Font Info:    No math alphabet change to frozen version normal on input line 333.
LaTeX Font Info:    No math alphabet change to frozen version normal on input line 348.
LaTeX Font Info:    No math alphabet change to frozen version normal on input line 349.
LaTeX Font Info:    No math alphabet change to frozen version normal on input line 350.
LaTeX Font Info:    No math alphabet change to frozen version normal on input line 351.

Package fancyhdr Warning: \headheight is too small (12.0pt): 
(fancyhdr)                Make it at least 17.11104pt, for example:
(fancyhdr)                \setlength{\headheight}{17.11104pt}.
(fancyhdr)                You might also make \topmargin smaller:
(fancyhdr)                \addtolength{\topmargin}{-5.11104pt}.

[74]
LaTeX Font Info:    No math alphabet change to frozen version normal on input line 358.
LaTeX Font Info:    No math alphabet change to frozen version normal on input line 360.
LaTeX Font Info:    No math alphabet change to frozen version normal on input line 364.
LaTeX Font Info:    No math alphabet change to frozen version normal on input line 365.
LaTeX Font Info:    No math alphabet change to frozen version normal on input line 365.
LaTeX Font Info:    No math alphabet change to frozen version normal on input line 366.
LaTeX Font Info:    No math alphabet change to frozen version normal on input line 366.
LaTeX Font Info:    No math alphabet change to frozen version normal on input line 372.
LaTeX Font Info:    No math alphabet change to frozen version normal on input line 383.
LaTeX Font Info:    No math alphabet change to frozen version normal on input line 384.
LaTeX Font Info:    No math alphabet change to frozen version normal on input line 384.
LaTeX Font Info:    No math alphabet change to frozen version normal on input line 391.
LaTeX Font Info:    No math alphabet change to frozen version normal on input line 392.
) (./appendix_d_la_te_xDEC20.tex

Package fancyhdr Warning: \headheight is too small (12.0pt): 
(fancyhdr)                Make it at least 17.11104pt, for example:
(fancyhdr)                \setlength{\headheight}{17.11104pt}.
(fancyhdr)                You might also make \topmargin smaller:
(fancyhdr)                \addtolength{\topmargin}{-5.11104pt}.

[75]
LaTeX Font Info:    No math alphabet change to frozen version normal on input line 24.
LaTeX Font Info:    No math alphabet change to frozen version normal on input line 24.
LaTeX Font Info:    No math alphabet change to frozen version normal on input line 24.
LaTeX Font Info:    Undo math alphabet allocation in version normal on input line 25.
LaTeX Font Info:    No math alphabet change to frozen version normal on input line 25.
LaTeX Font Info:    No math alphabet change to frozen version normal on input line 27.
LaTeX Font Info:    No math alphabet change to frozen version normal on input line 28.
LaTeX Font Info:    No math alphabet change to frozen version normal on input line 28.
LaTeX Font Info:    No math alphabet change to frozen version normal on input line 29.
LaTeX Font Info:    No math alphabet change to frozen version normal on input line 36.
LaTeX Font Info:    Undo math alphabet allocation in version normal on input line 37.
LaTeX Font Info:    No math alphabet change to frozen version normal on input line 43.
LaTeX Font Info:    No math alphabet change to frozen version normal on input line 43.
LaTeX Font Info:    No math alphabet change to frozen version normal on input line 44.
LaTeX Font Info:    No math alphabet change to frozen version normal on input line 44.
LaTeX Font Info:    No math alphabet change to frozen version normal on input line 45.
LaTeX Font Info:    No math alphabet change to frozen version normal on input line 46.
LaTeX Font Info:    No math alphabet change to frozen version normal on input line 46.
LaTeX Font Info:    No math alphabet change to frozen version normal on input line 47.
LaTeX Font Info:    No math alphabet change to frozen version normal on input line 58.
LaTeX Font Info:    No math alphabet change to frozen version normal on input line 59.
LaTeX Font Info:    No math alphabet change to frozen version normal on input line 60.
LaTeX Font Info:    No math alphabet change to frozen version normal on input line 60.
LaTeX Font Info:    No math alphabet change to frozen version normal on input line 63.
LaTeX Font Info:    No math alphabet change to frozen version normal on input line 64.
LaTeX Font Info:    No math alphabet change to frozen version normal on input line 64.
LaTeX Font Info:    No math alphabet change to frozen version normal on input line 64.
LaTeX Font Info:    No math alphabet change to frozen version normal on input line 64.
LaTeX Font Info:    Undo math alphabet allocation in version normal on input line 68.
LaTeX Font Info:    No math alphabet change to frozen version normal on input line 70.


Package fancyhdr Warning: \headheight is too small (12.0pt): 
(fancyhdr)                Make it at least 17.11104pt, for example:
(fancyhdr)                \setlength{\headheight}{17.11104pt}.
(fancyhdr)                You might also make \topmargin smaller:
(fancyhdr)                \addtolength{\topmargin}{-5.11104pt}.

[76]
LaTeX Font Info:    No math alphabet change to frozen version normal on input line 72.
LaTeX Font Info:    Undo math alphabet allocation in version normal on input line 75.
LaTeX Font Info:    No math alphabet change to frozen version normal on input line 79.
LaTeX Font Info:    No math alphabet change to frozen version normal on input line 79.
LaTeX Font Info:    No math alphabet change to frozen version normal on input line 79.
LaTeX Font Info:    Undo math alphabet allocation in version normal on input line 79.
LaTeX Font Info:    No math alphabet change to frozen version normal on input line 80.
LaTeX Font Info:    No math alphabet change to frozen version normal on input line 80.
LaTeX Font Info:    No math alphabet change to frozen version normal on input line 85.
LaTeX Font Info:    No math alphabet change to frozen version normal on input line 95.
LaTeX Font Info:    No math alphabet change to frozen version normal on input line 99.
LaTeX Font Info:    No math alphabet change to frozen version normal on input line 99.
LaTeX Font Info:    No math alphabet change to frozen version normal on input line 100.
LaTeX Font Info:    No math alphabet change to frozen version normal on input line 103.
LaTeX Font Info:    No math alphabet change to frozen version normal on input line 110.
LaTeX Font Info:    No math alphabet change to frozen version normal on input line 111.
LaTeX Font Info:    No math alphabet change to frozen version normal on input line 114.
LaTeX Font Info:    No math alphabet change to frozen version normal on input line 114.
LaTeX Font Info:    Undo math alphabet allocation in version normal on input line 114.
LaTeX Font Info:    No math alphabet change to frozen version normal on input line 116.
LaTeX Font Info:    No math alphabet change to frozen version normal on input line 116.
LaTeX Font Info:    No math alphabet change to frozen version normal on input line 116.
LaTeX Font Info:    No math alphabet change to frozen version normal on input line 117.
LaTeX Font Info:    No math alphabet change to frozen version normal on input line 117.
LaTeX Font Info:    No math alphabet change to frozen version normal on input line 122.
LaTeX Font Info:    No math alphabet change to frozen version normal on input line 124.
LaTeX Font Info:    No math alphabet change to frozen version normal on input line 124.
LaTeX Font Info:    No math alphabet change to frozen version normal on input line 125.
LaTeX Font Info:    No math alphabet change to frozen version normal on input line 125.
LaTeX Font Info:    Nested math: keeping math alphabet allocation in version normal on input line 130.
LaTeX Font Info:    Nested math: keeping math alphabet allocation in version normal on input line 130.


Package fancyhdr Warning: \headheight is too small (12.0pt): 
(fancyhdr)                Make it at least 17.11104pt, for example:
(fancyhdr)                \setlength{\headheight}{17.11104pt}.
(fancyhdr)                You might also make \topmargin smaller:
(fancyhdr)                \addtolength{\topmargin}{-5.11104pt}.

[77]
LaTeX Font Info:    No math alphabet change to frozen version normal on input line 131.
LaTeX Font Info:    No math alphabet change to frozen version normal on input line 136.
LaTeX Font Info:    No math alphabet change to frozen version normal on input line 136.
LaTeX Font Info:    No math alphabet change to frozen version normal on input line 142.
LaTeX Font Info:    No math alphabet change to frozen version normal on input line 144.
LaTeX Font Info:    No math alphabet change to frozen version normal on input line 145.
LaTeX Font Info:    No math alphabet change to frozen version normal on input line 145.
LaTeX Font Info:    No math alphabet change to frozen version normal on input line 146.
LaTeX Font Info:    No math alphabet change to frozen version normal on input line 146.
LaTeX Font Info:    No math alphabet change to frozen version normal on input line 147.
LaTeX Font Info:    No math alphabet change to frozen version normal on input line 147.
LaTeX Font Info:    No math alphabet change to frozen version normal on input line 147.
LaTeX Font Info:    No math alphabet change to frozen version normal on input line 151.
LaTeX Font Info:    No math alphabet change to frozen version normal on input line 151.
LaTeX Font Info:    No math alphabet change to frozen version normal on input line 156.
LaTeX Font Info:    No math alphabet change to frozen version normal on input line 156.
LaTeX Font Info:    No math alphabet change to frozen version normal on input line 156.
LaTeX Font Info:    No math alphabet change to frozen version normal on input line 156.
LaTeX Font Info:    No math alphabet change to frozen version normal on input line 162.
LaTeX Font Info:    No math alphabet change to frozen version normal on input line 162.


! LaTeX Error: Environment theorem undefined.

See the LaTeX manual or LaTeX Companion for explanation.
Type  H <return>  for immediate help.
 ...                                              
                                                  
l.165 \begin{theorem}
                     [Tacit-dependent guarantees are not explicit-implementa...
Your command was ignored.
Type  I <command> <return>  to replace it with another command,
or  <return>  to continue without it.

LaTeX Font Info:    No math alphabet change to frozen version normal on input line 166.
LaTeX Font Info:    No math alphabet change to frozen version normal on input line 166.

! LaTeX Error: \begin{document} ended by \end{theorem}.

See the LaTeX manual or LaTeX Companion for explanation.
Type  H <return>  for immediate help.
 ...                                              
                                                  
l.167 \end{theorem}
                   
Your command was ignored.
Type  I <command> <return>  to replace it with another command,
or  <return>  to continue without it.

LaTeX Font Info:    No math alphabet change to frozen version normal on input line 170.
! Undefined control sequence.
l.176 \subsubsubsection
                       {No Perfect Explicit-Only Hallucination Detector}
The control sequence at the end of the top line
of your error message was never \def'ed. If you have
misspelled it (e.g., `\hobx'), type `I' and the correct
spelling (e.g., `I\hbox'). Otherwise just continue,
and I'll forget about whatever was undefined.

LaTeX Font Info:    No math alphabet change to frozen version normal on input line 178.
LaTeX Font Info:    No math alphabet change to frozen version normal on input line 182.
LaTeX Font Info:    No math alphabet change to frozen version normal on input line 182.
LaTeX Font Info:    No math alphabet change to frozen version normal on input line 182.
LaTeX Font Info:    Undo math alphabet allocation in version normal on input line 186.
LaTeX Font Info:    No math alphabet change to frozen version normal on input line 194.

Package fancyhdr Warning: \headheight is too small (12.0pt): 
(fancyhdr)                Make it at least 17.11104pt, for example:
(fancyhdr)                \setlength{\headheight}{17.11104pt}.
(fancyhdr)                You might also make \topmargin smaller:
(fancyhdr)                \addtolength{\topmargin}{-5.11104pt}.

[78]
LaTeX Font Info:    No math alphabet change to frozen version normal on input line 202.
LaTeX Font Info:    No math alphabet change to frozen version normal on input line 203.
LaTeX Font Info:    No math alphabet change to frozen version normal on input line 204.
LaTeX Font Info:    No math alphabet change to frozen version normal on input line 205.
LaTeX Font Info:    No math alphabet change to frozen version normal on input line 205.
LaTeX Font Info:    No math alphabet change to frozen version normal on input line 209.
LaTeX Font Info:    No math alphabet change to frozen version normal on input line 210.
LaTeX Font Info:    No math alphabet change to frozen version normal on input line 211.
LaTeX Font Info:    No math alphabet change to frozen version normal on input line 216.
LaTeX Font Info:    No math alphabet change to frozen version normal on input line 217.
LaTeX Font Info:    No math alphabet change to frozen version normal on input line 220.
LaTeX Font Info:    No math alphabet change to frozen version normal on input line 221.
LaTeX Font Info:    No math alphabet change to frozen version normal on input line 225.
LaTeX Font Info:    No math alphabet change to frozen version normal on input line 228.
LaTeX Font Info:    No math alphabet change to frozen version normal on input line 229.
LaTeX Font Info:    No math alphabet change to frozen version normal on input line 231.
LaTeX Font Info:    No math alphabet change to frozen version normal on input line 232.
LaTeX Font Info:    No math alphabet change to frozen version normal on input line 239.
LaTeX Font Info:    No math alphabet change to frozen version normal on input line 239.
LaTeX Font Info:    No math alphabet change to frozen version normal on input line 240.
LaTeX Font Info:    No math alphabet change to frozen version normal on input line 241.
LaTeX Font Info:    No math alphabet change to frozen version normal on input line 242.
LaTeX Font Info:    No math alphabet change to frozen version normal on input line 242.
LaTeX Font Info:    No math alphabet change to frozen version normal on input line 247.
LaTeX Font Info:    No math alphabet change to frozen version normal on input line 247.
LaTeX Font Info:    No math alphabet change to frozen version normal on input line 248.
LaTeX Font Info:    No math alphabet change to frozen version normal on input line 249.
LaTeX Font Info:    No math alphabet change to frozen version normal on input line 250.

! Undefined control sequence.
l.256 \subsubsubsection
                       {No Fully Automated Correctness Oracle}
The control sequence at the end of the top line
of your error message was never \def'ed. If you have
misspelled it (e.g., `\hobx'), type `I' and the correct
spelling (e.g., `I\hbox'). Otherwise just continue,
and I'll forget about whatever was undefined.

LaTeX Font Info:    No math alphabet change to frozen version normal on input line 258.
LaTeX Font Info:    No math alphabet change to frozen version normal on input line 258.
LaTeX Font Info:    No math alphabet change to frozen version normal on input line 258.
LaTeX Font Info:    No math alphabet change to frozen version normal on input line 258.
LaTeX Font Info:    No math alphabet change to frozen version normal on input line 261.
LaTeX Font Info:    No math alphabet change to frozen version normal on input line 265.
LaTeX Font Info:    No math alphabet change to frozen version normal on input line 265.
LaTeX Font Info:    No math alphabet change to frozen version normal on input line 269.
! Undefined control sequence.
l.272 \subsubsubsection
                       {No Grounding Gain from Explicit Consensus}
The control sequence at the end of the top line
of your error message was never \def'ed. If you have
misspelled it (e.g., `\hobx'), type `I' and the correct
spelling (e.g., `I\hbox'). Otherwise just continue,
and I'll forget about whatever was undefined.

LaTeX Font Info:    No math alphabet change to frozen version normal on input line 276.
LaTeX Font Info:    No math alphabet change to frozen version normal on input line 276.
LaTeX Font Info:    No math alphabet change to frozen version normal on input line 276.
LaTeX Font Info:    No math alphabet change to frozen version normal on input line 276.
LaTeX Font Info:    No math alphabet change to frozen version normal on input line 276.
LaTeX Font Info:    No math alphabet change to frozen version normal on input line 276.
LaTeX Font Info:    No math alphabet change to frozen version normal on input line 276.

Package fancyhdr Warning: \headheight is too small (12.0pt): 
(fancyhdr)                Make it at least 17.11104pt, for example:
(fancyhdr)                \setlength{\headheight}{17.11104pt}.
(fancyhdr)                You might also make \topmargin smaller:
(fancyhdr)                \addtolength{\topmargin}{-5.11104pt}.

[79]
LaTeX Font Info:    No math alphabet change to frozen version normal on input line 280.
LaTeX Font Info:    No math alphabet change to frozen version normal on input line 280.

! Undefined control sequence.
l.283 \subsubsubsection
                       {No Fully Automated Consensus Stability Guarantee}
The control sequence at the end of the top line
of your error message was never \def'ed. If you have
misspelled it (e.g., `\hobx'), type `I' and the correct
spelling (e.g., `I\hbox'). Otherwise just continue,
and I'll forget about whatever was undefined.

LaTeX Font Info:    No math alphabet change to frozen version normal on input line 289.
LaTeX Font Info:    No math alphabet change to frozen version normal on input line 290.
LaTeX Font Info:    No math alphabet change to frozen version normal on input line 292.
LaTeX Font Info:    No math alphabet change to frozen version normal on input line 297.
! Undefined control sequence.
l.304 \subsubsubsection
                       {Catching Does Not Imply Eliminating}
The control sequence at the end of the top line
of your error message was never \def'ed. If you have
misspelled it (e.g., `\hobx'), type `I' and the correct
spelling (e.g., `I\hbox'). Otherwise just continue,
and I'll forget about whatever was undefined.

LaTeX Font Info:    No math alphabet change to frozen version normal on input line 310.
LaTeX Font Info:    Undo math alphabet allocation in version normal on input line 318.
LaTeX Font Info:    No math alphabet change to frozen version normal on input line 324.
LaTeX Font Info:    No math alphabet change to frozen version normal on input line 325.
LaTeX Font Info:    No math alphabet change to frozen version normal on input line 325.
LaTeX Font Info:    No math alphabet change to frozen version normal on input line 326.
LaTeX Font Info:    No math alphabet change to frozen version normal on input line 337.
LaTeX Font Info:    No math alphabet change to frozen version normal on input line 338.
LaTeX Font Info:    No math alphabet change to frozen version normal on input line 341.
LaTeX Font Info:    No math alphabet change to frozen version normal on input line 343.
LaTeX Font Info:    No math alphabet change to frozen version normal on input line 343.
LaTeX Font Info:    No math alphabet change to frozen version normal on input line 344.

Package fancyhdr Warning: \headheight is too small (12.0pt): 
(fancyhdr)                Make it at least 17.11104pt, for example:
(fancyhdr)                \setlength{\headheight}{17.11104pt}.
(fancyhdr)                You might also make \topmargin smaller:
(fancyhdr)                \addtolength{\topmargin}{-5.11104pt}.

[80]) (./appendix_e_la_te_xDEC20.tex
LaTeX Font Info:    No math alphabet change to frozen version normal on input line 30.
LaTeX Font Info:    No math alphabet change to frozen version normal on input line 33.
LaTeX Font Info:    No math alphabet change to frozen version normal on input line 33.
LaTeX Font Info:    No math alphabet change to frozen version normal on input line 34.
LaTeX Font Info:    No math alphabet change to frozen version normal on input line 35.
LaTeX Font Info:    No math alphabet change to frozen version normal on input line 35.
LaTeX Font Info:    No math alphabet change to frozen version normal on input line 35.
LaTeX Font Info:    No math alphabet change to frozen version normal on input line 37.
LaTeX Font Info:    No math alphabet change to frozen version normal on input line 40.
LaTeX Font Info:    No math alphabet change to frozen version normal on input line 41.
LaTeX Font Info:    No math alphabet change to frozen version normal on input line 41.
LaTeX Font Info:    No math alphabet change to frozen version normal on input line 41.
LaTeX Font Info:    No math alphabet change to frozen version normal on input line 46.
LaTeX Font Info:    No math alphabet change to frozen version normal on input line 47.
LaTeX Font Info:    No math alphabet change to frozen version normal on input line 50.
LaTeX Font Info:    No math alphabet change to frozen version normal on input line 54.
LaTeX Font Info:    No math alphabet change to frozen version normal on input line 55.
LaTeX Font Info:    No math alphabet change to frozen version normal on input line 55.
LaTeX Font Info:    No math alphabet change to frozen version normal on input line 57.
LaTeX Font Info:    No math alphabet change to frozen version normal on input line 57.
LaTeX Font Info:    No math alphabet change to frozen version normal on input line 57.
LaTeX Font Info:    No math alphabet change to frozen version normal on input line 57.
LaTeX Font Info:    No math alphabet change to frozen version normal on input line 60.
LaTeX Font Info:    No math alphabet change to frozen version normal on input line 64.
LaTeX Font Info:    No math alphabet change to frozen version normal on input line 65.


Package fancyhdr Warning: \headheight is too small (12.0pt): 
(fancyhdr)                Make it at least 17.11104pt, for example:
(fancyhdr)                \setlength{\headheight}{17.11104pt}.
(fancyhdr)                You might also make \topmargin smaller:
(fancyhdr)                \addtolength{\topmargin}{-5.11104pt}.

[81]
LaTeX Font Info:    No math alphabet change to frozen version normal on input line 72.
LaTeX Font Info:    No math alphabet change to frozen version normal on input line 72.
LaTeX Font Info:    No math alphabet change to frozen version normal on input line 72.
LaTeX Font Info:    No math alphabet change to frozen version normal on input line 72.
LaTeX Font Info:    No math alphabet change to frozen version normal on input line 75.
LaTeX Font Info:    No math alphabet change to frozen version normal on input line 75.
LaTeX Font Info:    No math alphabet change to frozen version normal on input line 75.
LaTeX Font Info:    No math alphabet change to frozen version normal on input line 75.
LaTeX Font Info:    No math alphabet change to frozen version normal on input line 77.
LaTeX Font Info:    No math alphabet change to frozen version normal on input line 78.
LaTeX Font Info:    No math alphabet change to frozen version normal on input line 78.
LaTeX Font Info:    No math alphabet change to frozen version normal on input line 80.
LaTeX Font Info:    No math alphabet change to frozen version normal on input line 80.
LaTeX Font Info:    No math alphabet change to frozen version normal on input line 84.
LaTeX Font Info:    No math alphabet change to frozen version normal on input line 87.
LaTeX Font Info:    No math alphabet change to frozen version normal on input line 88.
LaTeX Font Info:    No math alphabet change to frozen version normal on input line 88.
LaTeX Font Info:    No math alphabet change to frozen version normal on input line 91.
LaTeX Font Info:    No math alphabet change to frozen version normal on input line 92.
LaTeX Font Info:    No math alphabet change to frozen version normal on input line 92.
LaTeX Font Info:    No math alphabet change to frozen version normal on input line 94.
LaTeX Font Info:    No math alphabet change to frozen version normal on input line 94.
LaTeX Font Info:    No math alphabet change to frozen version normal on input line 94.
LaTeX Font Info:    No math alphabet change to frozen version normal on input line 95.
LaTeX Font Info:    No math alphabet change to frozen version normal on input line 95.
LaTeX Font Info:    No math alphabet change to frozen version normal on input line 97.
LaTeX Font Info:    No math alphabet change to frozen version normal on input line 97.
LaTeX Font Info:    No math alphabet change to frozen version normal on input line 101.
LaTeX Font Info:    No math alphabet change to frozen version normal on input line 101.
LaTeX Font Info:    No math alphabet change to frozen version normal on input line 101.
LaTeX Font Info:    No math alphabet change to frozen version normal on input line 104.
LaTeX Font Info:    No math alphabet change to frozen version normal on input line 105.
LaTeX Font Info:    No math alphabet change to frozen version normal on input line 105.
LaTeX Font Info:    No math alphabet change to frozen version normal on input line 105.
LaTeX Font Info:    Nested math: keeping math alphabet allocation in version normal on input line 107.
LaTeX Font Info:    Nested math: keeping math alphabet allocation in version normal on input line 107.
LaTeX Font Info:    No math alphabet change to frozen version normal on input line 108.
LaTeX Font Info:    No math alphabet change to frozen version normal on input line 119.
LaTeX Font Info:    Undo math alphabet allocation in version normal on input line 119.
LaTeX Font Info:    No math alphabet change to frozen version normal on input line 119.
LaTeX Font Info:    No math alphabet change to frozen version normal on input line 119.


Package fancyhdr Warning: \headheight is too small (12.0pt): 
(fancyhdr)                Make it at least 17.11104pt, for example:
(fancyhdr)                \setlength{\headheight}{17.11104pt}.
(fancyhdr)                You might also make \topmargin smaller:
(fancyhdr)                \addtolength{\topmargin}{-5.11104pt}.

[82]
LaTeX Font Info:    No math alphabet change to frozen version normal on input line 122.
LaTeX Font Info:    No math alphabet change to frozen version normal on input line 123.
LaTeX Font Info:    No math alphabet change to frozen version normal on input line 125.
LaTeX Font Info:    No math alphabet change to frozen version normal on input line 125.
LaTeX Font Info:    No math alphabet change to frozen version normal on input line 125.
LaTeX Font Info:    No math alphabet change to frozen version normal on input line 125.
LaTeX Font Info:    No math alphabet change to frozen version normal on input line 125.
LaTeX Font Info:    No math alphabet change to frozen version normal on input line 125.
LaTeX Font Info:    No math alphabet change to frozen version normal on input line 129.
LaTeX Font Info:    No math alphabet change to frozen version normal on input line 129.
LaTeX Font Info:    No math alphabet change to frozen version normal on input line 129.
LaTeX Font Info:    No math alphabet change to frozen version normal on input line 129.
LaTeX Font Info:    No math alphabet change to frozen version normal on input line 129.
LaTeX Font Info:    No math alphabet change to frozen version normal on input line 129.
LaTeX Font Info:    No math alphabet change to frozen version normal on input line 129.
LaTeX Font Info:    Nested math: keeping math alphabet allocation in version normal on input line 131.
LaTeX Font Info:    Nested math: keeping math alphabet allocation in version normal on input line 131.
LaTeX Font Info:    No math alphabet change to frozen version normal on input line 132.
LaTeX Font Info:    No math alphabet change to frozen version normal on input line 133.
LaTeX Font Info:    No math alphabet change to frozen version normal on input line 133.
LaTeX Font Info:    No math alphabet change to frozen version normal on input line 133.
LaTeX Font Info:    No math alphabet change to frozen version normal on input line 137.
LaTeX Font Info:    No math alphabet change to frozen version normal on input line 137.
LaTeX Font Info:    No math alphabet change to frozen version normal on input line 137.
LaTeX Font Info:    No math alphabet change to frozen version normal on input line 140.
LaTeX Font Info:    Nested math: keeping math alphabet allocation in version normal on input line 143.
LaTeX Font Info:    Nested math: keeping math alphabet allocation in version normal on input line 143.
LaTeX Font Info:    No math alphabet change to frozen version normal on input line 146.
LaTeX Font Info:    No math alphabet change to frozen version normal on input line 147.
LaTeX Font Info:    No math alphabet change to frozen version normal on input line 147.
LaTeX Font Info:    No math alphabet change to frozen version normal on input line 147.
LaTeX Font Info:    No math alphabet change to frozen version normal on input line 154.
LaTeX Font Info:    No math alphabet change to frozen version normal on input line 154.
LaTeX Font Info:    Undo math alphabet allocation in version normal on input line 155.
LaTeX Font Info:    No math alphabet change to frozen version normal on input line 159.
LaTeX Font Info:    No math alphabet change to frozen version normal on input line 160.
LaTeX Font Info:    No math alphabet change to frozen version normal on input line 160.
LaTeX Font Info:    No math alphabet change to frozen version normal on input line 173.
LaTeX Font Info:    No math alphabet change to frozen version normal on input line 173.


! LaTeX Error: Environment theorem undefined.

See the LaTeX manual or LaTeX Companion for explanation.
Type  H <return>  for immediate help.
 ...                                              
                                                  
l.184 \begin{theorem}
                     [Institutional non-automation]\label{thm:B93}
Your command was ignored.
Type  I <command> <return>  to replace it with another command,
or  <return>  to continue without it.

LaTeX Font Info:    No math alphabet change to frozen version normal on input line 185.
LaTeX Font Info:    No math alphabet change to frozen version normal on input line 185.
LaTeX Font Info:    No math alphabet change to frozen version normal on input line 185.
LaTeX Font Info:    No math alphabet change to frozen version normal on input line 185.

Package fancyhdr Warning: \headheight is too small (12.0pt): 
(fancyhdr)                Make it at least 17.11104pt, for example:
(fancyhdr)                \setlength{\headheight}{17.11104pt}.
(fancyhdr)                You might also make \topmargin smaller:
(fancyhdr)                \addtolength{\topmargin}{-5.11104pt}.

[83]
LaTeX Font Info:    No math alphabet change to frozen version normal on input line 188.
LaTeX Font Info:    No math alphabet change to frozen version normal on input line 189.
LaTeX Font Info:    Nested math: keeping math alphabet allocation in version normal on input line 191.
LaTeX Font Info:    Nested math: keeping math alphabet allocation in version normal on input line 191.
LaTeX Font Info:    No math alphabet change to frozen version normal on input line 192.
LaTeX Font Info:    No math alphabet change to frozen version normal on input line 193.
LaTeX Font Info:    No math alphabet change to frozen version normal on input line 193.
LaTeX Font Info:    Nested math: keeping math alphabet allocation in version normal on input line 195.
LaTeX Font Info:    Nested math: keeping math alphabet allocation in version normal on input line 195.
LaTeX Font Info:    No math alphabet change to frozen version normal on input line 196.
LaTeX Font Info:    No math alphabet change to frozen version normal on input line 197.


! LaTeX Error: \begin{document} ended by \end{theorem}.

See the LaTeX manual or LaTeX Companion for explanation.
Type  H <return>  for immediate help.
 ...                                              
                                                  
l.200 \end{theorem}
                   
Your command was ignored.
Type  I <command> <return>  to replace it with another command,
or  <return>  to continue without it.

LaTeX Font Info:    No math alphabet change to frozen version normal on input line 206.
LaTeX Font Info:    No math alphabet change to frozen version normal on input line 207.
LaTeX Font Info:    Nested math: keeping math alphabet allocation in version normal on input line 209.
LaTeX Font Info:    Nested math: keeping math alphabet allocation in version normal on input line 209.
LaTeX Font Info:    No math alphabet change to frozen version normal on input line 210.
LaTeX Font Info:    No math alphabet change to frozen version normal on input line 218.

! LaTeX Error: Environment theorem undefined.

See the LaTeX manual or LaTeX Companion for explanation.
Type  H <return>  for immediate help.
 ...                                              
                                                  
l.228 \begin{theorem}
                     [Consensus instability]
Your command was ignored.
Type  I <command> <return>  to replace it with another command,
or  <return>  to continue without it.


! LaTeX Error: \begin{document} ended by \end{theorem}.

See the LaTeX manual or LaTeX Companion for explanation.
Type  H <return>  for immediate help.
 ...                                              
                                                  
l.230 \end{theorem}
                   
Your command was ignored.
Type  I <command> <return>  to replace it with another command,
or  <return>  to continue without it.

LaTeX Font Info:    No math alphabet change to frozen version normal on input line 233.
LaTeX Font Info:    No math alphabet change to frozen version normal on input line 246.

Package fancyhdr Warning: \headheight is too small (12.0pt): 
(fancyhdr)                Make it at least 17.11104pt, for example:
(fancyhdr)                \setlength{\headheight}{17.11104pt}.
(fancyhdr)                You might also make \topmargin smaller:
(fancyhdr)                \addtolength{\topmargin}{-5.11104pt}.

[84]) (./appendix_f_la_te_xDEC20.tex
LaTeX Font Info:    No math alphabet change to frozen version normal on input line 25.
LaTeX Font Info:    No math alphabet change to frozen version normal on input line 25.
LaTeX Font Info:    No math alphabet change to frozen version normal on input line 28.
LaTeX Font Info:    No math alphabet change to frozen version normal on input line 29.
LaTeX Font Info:    No math alphabet change to frozen version normal on input line 29.
LaTeX Font Info:    Undo math alphabet allocation in version normal on input line 32.
LaTeX Font Info:    No math alphabet change to frozen version normal on input line 34.
LaTeX Font Info:    No math alphabet change to frozen version normal on input line 35.
LaTeX Font Info:    No math alphabet change to frozen version normal on input line 38.
LaTeX Font Info:    No math alphabet change to frozen version normal on input line 39.
LaTeX Font Info:    No math alphabet change to frozen version normal on input line 39.
LaTeX Font Info:    Undo math alphabet allocation in version normal on input line 41.
LaTeX Font Info:    Undo math alphabet allocation in version normal on input line 48.
LaTeX Font Info:    Undo math alphabet allocation in version normal on input line 52.
LaTeX Font Info:    No math alphabet change to frozen version normal on input line 53.
LaTeX Font Info:    No math alphabet change to frozen version normal on input line 53.
LaTeX Font Info:    No math alphabet change to frozen version normal on input line 56.
LaTeX Font Info:    No math alphabet change to frozen version normal on input line 57.
LaTeX Font Info:    No math alphabet change to frozen version normal on input line 57.


Package fancyhdr Warning: \headheight is too small (12.0pt): 
(fancyhdr)                Make it at least 17.11104pt, for example:
(fancyhdr)                \setlength{\headheight}{17.11104pt}.
(fancyhdr)                You might also make \topmargin smaller:
(fancyhdr)                \addtolength{\topmargin}{-5.11104pt}.

[85]
LaTeX Font Info:    Undo math alphabet allocation in version normal on input line 67.
LaTeX Font Info:    Nested math: keeping math alphabet allocation in version normal on input line 74.
LaTeX Font Info:    Nested math: keeping math alphabet allocation in version normal on input line 74.
LaTeX Font Info:    Nested math: keeping math alphabet allocation in version normal on input line 74.
LaTeX Font Info:    Nested math: keeping math alphabet allocation in version normal on input line 74.
LaTeX Font Info:    Undo math alphabet allocation in version normal on input line 75.
LaTeX Font Info:    Undo math alphabet allocation in version normal on input line 86.
LaTeX Font Info:    No math alphabet change to frozen version normal on input line 87.
LaTeX Font Info:    Nested math: keeping math alphabet allocation in version normal on input line 100.
LaTeX Font Info:    Nested math: keeping math alphabet allocation in version normal on input line 100.
LaTeX Font Info:    No math alphabet change to frozen version normal on input line 101.
LaTeX Font Info:    No math alphabet change to frozen version normal on input line 106.
LaTeX Font Info:    Nested math: keeping math alphabet allocation in version normal on input line 108.
LaTeX Font Info:    Nested math: keeping math alphabet allocation in version normal on input line 110.
LaTeX Font Info:    No math alphabet change to frozen version normal on input line 111.
LaTeX Font Info:    Undo math alphabet allocation in version normal on input line 124.
LaTeX Font Info:    No math alphabet change to frozen version normal on input line 125.
LaTeX Font Info:    No math alphabet change to frozen version normal on input line 125.
LaTeX Font Info:    No math alphabet change to frozen version normal on input line 128.
LaTeX Font Info:    Nested math: keeping math alphabet allocation in version normal on input line 133.
LaTeX Font Info:    Nested math: keeping math alphabet allocation in version normal on input line 133.
LaTeX Font Info:    No math alphabet change to frozen version normal on input line 134.
LaTeX Font Info:    No math alphabet change to frozen version normal on input line 135.
LaTeX Font Info:    No math alphabet change to frozen version normal on input line 135.
LaTeX Font Info:    No math alphabet change to frozen version normal on input line 135.
LaTeX Font Info:    No math alphabet change to frozen version normal on input line 135.
LaTeX Font Info:    No math alphabet change to frozen version normal on input line 135.


Package fancyhdr Warning: \headheight is too small (12.0pt): 
(fancyhdr)                Make it at least 17.11104pt, for example:
(fancyhdr)                \setlength{\headheight}{17.11104pt}.
(fancyhdr)                You might also make \topmargin smaller:
(fancyhdr)                \addtolength{\topmargin}{-5.11104pt}.

[86]
LaTeX Font Info:    Undo math alphabet allocation in version normal on input line 141.
LaTeX Font Info:    No math alphabet change to frozen version normal on input line 142.
LaTeX Font Info:    No math alphabet change to frozen version normal on input line 142.
LaTeX Font Info:    Nested math: keeping math alphabet allocation in version normal on input line 144.
LaTeX Font Info:    Nested math: keeping math alphabet allocation in version normal on input line 144.
LaTeX Font Info:    No math alphabet change to frozen version normal on input line 145.
LaTeX Font Info:    Nested math: keeping math alphabet allocation in version normal on input line 150.
LaTeX Font Info:    Nested math: keeping math alphabet allocation in version normal on input line 150.
LaTeX Font Info:    No math alphabet change to frozen version normal on input line 151.
LaTeX Font Info:    No math alphabet change to frozen version normal on input line 152.
LaTeX Font Info:    No math alphabet change to frozen version normal on input line 152.
LaTeX Font Info:    No math alphabet change to frozen version normal on input line 152.
LaTeX Font Info:    No math alphabet change to frozen version normal on input line 152.
LaTeX Font Info:    No math alphabet change to frozen version normal on input line 152.


! LaTeX Error: Environment theorem undefined.

See the LaTeX manual or LaTeX Companion for explanation.
Type  H <return>  for immediate help.
 ...                                              
                                                  
l.155 \begin{theorem}
                     [Non-automation of governance]
Your command was ignored.
Type  I <command> <return>  to replace it with another command,
or  <return>  to continue without it.

LaTeX Font Info:    No math alphabet change to frozen version normal on input line 156.

! LaTeX Error: \begin{document} ended by \end{theorem}.

See the LaTeX manual or LaTeX Companion for explanation.
Type  H <return>  for immediate help.
 ...                                              
                                                  
l.159 \end{theorem}
                   
Your command was ignored.
Type  I <command> <return>  to replace it with another command,
or  <return>  to continue without it.

LaTeX Font Info:    No math alphabet change to frozen version normal on input line 163.
LaTeX Font Info:    No math alphabet change to frozen version normal on input line 207.
)

Package fancyhdr Warning: \headheight is too small (12.0pt): 
(fancyhdr)                Make it at least 17.11104pt, for example:
(fancyhdr)                \setlength{\headheight}{17.11104pt}.
(fancyhdr)                You might also make \topmargin smaller:
(fancyhdr)                \addtolength{\topmargin}{-5.11104pt}.

[87]
pdfTeX warning (ext4): destination with the same identifier (name{subsection.0.1}) has been already used, duplicate ignored
<to be read again> 
                   \relax 
l.552 \subsection{Disciplined Agents and Tooling}
                                                  % old G (./DistributedAgents.tex
pdfTeX warning (ext4): destination with the same identifier (name{subsection.0.2}) has been already used, duplicate ignored
<to be read again> 
                   \relax 
l.6 ...on{Disciplined agents: informal definition}
                                                  
pdfTeX warning (ext4): destination with the same identifier (name{subsection.0.3}) has been already used, duplicate ignored
<to be read again> 
                   \relax 
l.26 ...{Core requirements for disciplined agents}
                                                  

Package fancyhdr Warning: \headheight is too small (12.0pt): 
(fancyhdr)                Make it at least 17.11104pt, for example:
(fancyhdr)                \setlength{\headheight}{17.11104pt}.
(fancyhdr)                You might also make \topmargin smaller:
(fancyhdr)                \addtolength{\topmargin}{-5.11104pt}.

[88]
LaTeX Font Info:    No math alphabet change to frozen version normal on input line 77.
LaTeX Font Info:    No math alphabet change to frozen version normal on input line 82.

pdfTeX warning (ext4): destination with the same identifier (name{subsection.0.4}) has been already used, duplicate ignored
<to be read again> 
                   \relax 
l.92 ...section{Tooling around disciplined agents}
                                                  

Package fancyhdr Warning: \headheight is too small (12.0pt): 
(fancyhdr)                Make it at least 17.11104pt, for example:
(fancyhdr)                \setlength{\headheight}{17.11104pt}.
(fancyhdr)                You might also make \topmargin smaller:
(fancyhdr)                \addtolength{\topmargin}{-5.11104pt}.

[89]
pdfTeX warning (ext4): destination with the same identifier (name{subsection.0.5}) has been already used, duplicate ignored
<to be read again> 
                   \relax 
l.128 \subsection{Relation to the main text}
                                            )
pdfTeX warning (ext4): destination with the same identifier (name{subsection.0.6}) has been already used, duplicate ignored
<to be read again> 
                   \relax 
l.556 ...n{Protocol Templates and Design Patterns}
                                                   % old I (minus I.4)

Package fancyhdr Warning: \headheight is too small (12.0pt): 
(fancyhdr)                Make it at least 17.11104pt, for example:
(fancyhdr)                \setlength{\headheight}{17.11104pt}.
(fancyhdr)                You might also make \topmargin smaller:
(fancyhdr)                \addtolength{\topmargin}{-5.11104pt}.

[90] (./Protocols.tex
LaTeX Font Info:    No math alphabet change to frozen version normal on input line 5.

pdfTeX warning (ext4): destination with the same identifier (name{subsection.0.7}) has been already used, duplicate ignored
<to be read again> 
                   \relax 
l.10 ...tional Rules for FRFP-Compatible Practice}
                                                  
LaTeX Font Info:    No math alphabet change to frozen version normal on input line 17.
LaTeX Font Info:    No math alphabet change to frozen version normal on input line 19.
LaTeX Font Info:    No math alphabet change to frozen version normal on input line 20.
LaTeX Font Info:    No math alphabet change to frozen version normal on input line 24.
LaTeX Font Info:    No math alphabet change to frozen version normal on input line 25.
LaTeX Font Info:    No math alphabet change to frozen version normal on input line 26.
LaTeX Font Info:    No math alphabet change to frozen version normal on input line 27.
LaTeX Font Info:    No math alphabet change to frozen version normal on input line 33.
LaTeX Font Info:    No math alphabet change to frozen version normal on input line 34.
LaTeX Font Info:    No math alphabet change to frozen version normal on input line 37.
LaTeX Font Info:    No math alphabet change to frozen version normal on input line 42.
LaTeX Font Info:    No math alphabet change to frozen version normal on input line 43.

pdfTeX warning (ext4): destination with the same identifier (name{subsection.0.8}) has been already used, duplicate ignored
<to be read again> 
                   \relax 
l.51 ...section{Dialogic Reproducibility Protocol}
                                                  
LaTeX Font Info:    No math alphabet change to frozen version normal on input line 55.
LaTeX Font Info:    No math alphabet change to frozen version normal on input line 56.
LaTeX Font Info:    No math alphabet change to frozen version normal on input line 60.

pdfTeX warning (ext4): destination with the same identifier (name{paragraph.0.8.0.1}) has been already used, duplicate ignored
<to be read again> 
                   \relax 
l.64 ...agraph{(1) Structured interaction traces.}
                                                  

Package fancyhdr Warning: \headheight is too small (12.0pt): 
(fancyhdr)                Make it at least 17.11104pt, for example:
(fancyhdr)                \setlength{\headheight}{17.11104pt}.
(fancyhdr)                You might also make \topmargin smaller:
(fancyhdr)                \addtolength{\topmargin}{-5.11104pt}.

[91]
LaTeX Font Info:    No math alphabet change to frozen version normal on input line 67.
LaTeX Font Info:    No math alphabet change to frozen version normal on input line 67.

pdfTeX warning (ext4): destination with the same identifier (name{paragraph.0.8.0.2}) has been already used, duplicate ignored
<to be read again> 
                   \relax 
l.70 \paragraph{(2) Context archives.}
                                      
LaTeX Font Info:    No math alphabet change to frozen version normal on input line 72.

pdfTeX warning (ext4): destination with the same identifier (name{paragraph.0.8.0.3}) has been already used, duplicate ignored
<to be read again> 
                   \relax 
l.76 \paragraph{(3) Replay procedures.}
                                       
LaTeX Font Info:    No math alphabet change to frozen version normal on input line 78.

pdfTeX warning (ext4): destination with the same identifier (name{subsection.0.9}) has been already used, duplicate ignored
<to be read again> 
                   \relax 
l.83 ...e Criteria for Long-Horizon Collaboration}
                                                  
LaTeX Font Info:    No math alphabet change to frozen version normal on input line 92.
LaTeX Font Info:    No math alphabet change to frozen version normal on input line 94.
LaTeX Font Info:    No math alphabet change to frozen version normal on input line 99.
LaTeX Font Info:    No math alphabet change to frozen version normal on input line 107.

pdfTeX warning (ext4): destination with the same identifier (name{subsection.0.10}) has been already used, duplicate ignored
<to be read again> 
                   \relax 
l.116 ...udy: Stress-Testing a Financial Strategy}
                                                  
LaTeX Font Info:    No math alphabet change to frozen version normal on input line 125.
LaTeX Font Info:    No math alphabet change to frozen version normal on input line 126.


Package fancyhdr Warning: \headheight is too small (12.0pt): 
(fancyhdr)                Make it at least 17.11104pt, for example:
(fancyhdr)                \setlength{\headheight}{17.11104pt}.
(fancyhdr)                You might also make \topmargin smaller:
(fancyhdr)                \addtolength{\topmargin}{-5.11104pt}.

[92]
LaTeX Font Info:    No math alphabet change to frozen version normal on input line 132.
LaTeX Font Info:    No math alphabet change to frozen version normal on input line 133.
LaTeX Font Info:    No math alphabet change to frozen version normal on input line 146.
LaTeX Font Info:    No math alphabet change to frozen version normal on input line 148.
LaTeX Font Info:    No math alphabet change to frozen version normal on input line 153.
)
pdfTeX warning (ext4): destination with the same identifier (name{subsection.0.11}) has been already used, duplicate ignored
<to be read again> 
                   \relax 
l.560 ... Instructions for Explicit-Only AI Tools}
                                                   % old K (./LLMinstructions.tex
pdfTeX warning (ext4): destination with the same identifier (name{subsection.0.12}) has been already used, duplicate ignored
<to be read again> 
                   \relax 
l.6 \subsection{Role and Authority Declaration}
                                               

Package fancyhdr Warning: \headheight is too small (12.0pt): 
(fancyhdr)                Make it at least 17.11104pt, for example:
(fancyhdr)                \setlength{\headheight}{17.11104pt}.
(fancyhdr)                You might also make \topmargin smaller:
(fancyhdr)                \addtolength{\topmargin}{-5.11104pt}.

[93]

Package fancyhdr Warning: \headheight is too small (12.0pt): 
(fancyhdr)                Make it at least 17.11104pt, for example:
(fancyhdr)                \setlength{\headheight}{17.11104pt}.
(fancyhdr)                You might also make \topmargin smaller:
(fancyhdr)                \addtolength{\topmargin}{-5.11104pt}.

[94]) (./promptexamples.tex

Package fancyhdr Warning: \headheight is too small (12.0pt): 
(fancyhdr)                Make it at least 17.11104pt, for example:
(fancyhdr)                \setlength{\headheight}{17.11104pt}.
(fancyhdr)                You might also make \topmargin smaller:
(fancyhdr)                \addtolength{\topmargin}{-5.11104pt}.

[95]
LaTeX Font Info:    No math alphabet change to frozen version normal on input line 12.
LaTeX Font Info:    No math alphabet change to frozen version normal on input line 13.
LaTeX Font Info:    No math alphabet change to frozen version normal on input line 22.
LaTeX Font Info:    No math alphabet change to frozen version normal on input line 22.
LaTeX Font Info:    No math alphabet change to frozen version normal on input line 23.
LaTeX Font Info:    No math alphabet change to frozen version normal on input line 25.
LaTeX Font Info:    No math alphabet change to frozen version normal on input line 27.
LaTeX Font Info:    No math alphabet change to frozen version normal on input line 27.
LaTeX Font Info:    No math alphabet change to frozen version normal on input line 32.
LaTeX Font Info:    No math alphabet change to frozen version normal on input line 36.
LaTeX Font Info:    No math alphabet change to frozen version normal on input line 36.
LaTeX Font Info:    No math alphabet change to frozen version normal on input line 44.
LaTeX Font Info:    No math alphabet change to frozen version normal on input line 47.
LaTeX Font Info:    No math alphabet change to frozen version normal on input line 49.
LaTeX Font Info:    No math alphabet change to frozen version normal on input line 52.
LaTeX Font Info:    No math alphabet change to frozen version normal on input line 73.
LaTeX Font Info:    No math alphabet change to frozen version normal on input line 76.
LaTeX Font Info:    No math alphabet change to frozen version normal on input line 83.
LaTeX Font Info:    No math alphabet change to frozen version normal on input line 85.
LaTeX Font Info:    No math alphabet change to frozen version normal on input line 90.


Package fancyhdr Warning: \headheight is too small (12.0pt): 
(fancyhdr)                Make it at least 17.11104pt, for example:
(fancyhdr)                \setlength{\headheight}{17.11104pt}.
(fancyhdr)                You might also make \topmargin smaller:
(fancyhdr)                \addtolength{\topmargin}{-5.11104pt}.

[96]
LaTeX Font Info:    No math alphabet change to frozen version normal on input line 98.
LaTeX Font Info:    No math alphabet change to frozen version normal on input line 100.
LaTeX Font Info:    No math alphabet change to frozen version normal on input line 106.
LaTeX Font Info:    No math alphabet change to frozen version normal on input line 119.
LaTeX Font Info:    No math alphabet change to frozen version normal on input line 122.
LaTeX Font Info:    No math alphabet change to frozen version normal on input line 130.
LaTeX Font Info:    No math alphabet change to frozen version normal on input line 132.
LaTeX Font Info:    No math alphabet change to frozen version normal on input line 136.
LaTeX Font Info:    No math alphabet change to frozen version normal on input line 144.
LaTeX Font Info:    No math alphabet change to frozen version normal on input line 162.
LaTeX Font Info:    Nested math: keeping math alphabet allocation in version normal on input line 166.
LaTeX Font Info:    Nested math: keeping math alphabet allocation in version normal on input line 166.
LaTeX Font Info:    No math alphabet change to frozen version normal on input line 167.
LaTeX Font Info:    No math alphabet change to frozen version normal on input line 168.
LaTeX Font Info:    Nested math: keeping math alphabet allocation in version normal on input line 170.
LaTeX Font Info:    Nested math: keeping math alphabet allocation in version normal on input line 170.
LaTeX Font Info:    Nested math: keeping math alphabet allocation in version normal on input line 171.
LaTeX Font Info:    Nested math: keeping math alphabet allocation in version normal on input line 171.
LaTeX Font Info:    Nested math: keeping math alphabet allocation in version normal on input line 172.
LaTeX Font Info:    Nested math: keeping math alphabet allocation in version normal on input line 172.
LaTeX Font Info:    No math alphabet change to frozen version normal on input line 173.
LaTeX Font Info:    No math alphabet change to frozen version normal on input line 175.
LaTeX Font Info:    No math alphabet change to frozen version normal on input line 175.
LaTeX Font Info:    No math alphabet change to frozen version normal on input line 179.


Package fancyhdr Warning: \headheight is too small (12.0pt): 
(fancyhdr)                Make it at least 17.11104pt, for example:
(fancyhdr)                \setlength{\headheight}{17.11104pt}.
(fancyhdr)                You might also make \topmargin smaller:
(fancyhdr)                \addtolength{\topmargin}{-5.11104pt}.

[97]
LaTeX Font Info:    No math alphabet change to frozen version normal on input line 188.
LaTeX Font Info:    No math alphabet change to frozen version normal on input line 209.
LaTeX Font Info:    No math alphabet change to frozen version normal on input line 217.
LaTeX Font Info:    No math alphabet change to frozen version normal on input line 225.
LaTeX Font Info:    No math alphabet change to frozen version normal on input line 227.
LaTeX Font Info:    No math alphabet change to frozen version normal on input line 228.
LaTeX Font Info:    No math alphabet change to frozen version normal on input line 235.
LaTeX Font Info:    No math alphabet change to frozen version normal on input line 257.
LaTeX Font Info:    No math alphabet change to frozen version normal on input line 260.
LaTeX Font Info:    No math alphabet change to frozen version normal on input line 261.
LaTeX Font Info:    No math alphabet change to frozen version normal on input line 262.
LaTeX Font Info:    No math alphabet change to frozen version normal on input line 262.
LaTeX Font Info:    No math alphabet change to frozen version normal on input line 264.


Package fancyhdr Warning: \headheight is too small (12.0pt): 
(fancyhdr)                Make it at least 17.11104pt, for example:
(fancyhdr)                \setlength{\headheight}{17.11104pt}.
(fancyhdr)                You might also make \topmargin smaller:
(fancyhdr)                \addtolength{\topmargin}{-5.11104pt}.

[98]
LaTeX Font Info:    No math alphabet change to frozen version normal on input line 269.
LaTeX Font Info:    No math alphabet change to frozen version normal on input line 269.
LaTeX Font Info:    No math alphabet change to frozen version normal on input line 274.
LaTeX Font Info:    No math alphabet change to frozen version normal on input line 279.
LaTeX Font Info:    No math alphabet change to frozen version normal on input line 280.
LaTeX Font Info:    No math alphabet change to frozen version normal on input line 285.
LaTeX Font Info:    No math alphabet change to frozen version normal on input line 294.
LaTeX Font Info:    No math alphabet change to frozen version normal on input line 295.
LaTeX Font Info:    No math alphabet change to frozen version normal on input line 296.
LaTeX Font Info:    No math alphabet change to frozen version normal on input line 299.
LaTeX Font Info:    No math alphabet change to frozen version normal on input line 303.
LaTeX Font Info:    No math alphabet change to frozen version normal on input line 304.
LaTeX Font Info:    No math alphabet change to frozen version normal on input line 304.
) (./caststudies.tex
pdfTeX warning (ext4): destination with the same identifier (name{subsection.0.1}) has been already used, duplicate ignored
<to be read again> 
                   \relax 
l.2 ...y: ICU Sepsis Prediction Literature Review}
                                                  
LaTeX Font Info:    No math alphabet change to frozen version normal on input line 8.
LaTeX Font Info:    No math alphabet change to frozen version normal on input line 8.
LaTeX Font Info:    No math alphabet change to frozen version normal on input line 8.
LaTeX Font Info:    No math alphabet change to frozen version normal on input line 8.
LaTeX Font Info:    Trying to load font information for T1+lmtt on input line 13.
 (/home/vnadendla/.TinyTeX/texmf-dist/tex/latex/lm/t1lmtt.fd
File: t1lmtt.fd 2015/05/01 v1.6.1 Font defs for Latin Modern
)
Package microtype Info: Loading generic protrusion settings for font family
(microtype)             `lmtt' (encoding: T1).
(microtype)             For optimal results, create family-specific settings.
(microtype)             See the microtype manual for details.
LaTeX Font Info:    Nested math: keeping math alphabet allocation in version normal on input line 13.
LaTeX Font Info:    Nested math: keeping math alphabet allocation in version normal on input line 13.
LaTeX Font Info:    Nested math: keeping math alphabet allocation in version normal on input line 13.


Package fancyhdr Warning: \headheight is too small (12.0pt): 
(fancyhdr)                Make it at least 17.11104pt, for example:
(fancyhdr)                \setlength{\headheight}{17.11104pt}.
(fancyhdr)                You might also make \topmargin smaller:
(fancyhdr)                \addtolength{\topmargin}{-5.11104pt}.

[99]
LaTeX Font Info:    No math alphabet change to frozen version normal on input line 14.
LaTeX Font Info:    No math alphabet change to frozen version normal on input line 20.
LaTeX Font Info:    No math alphabet change to frozen version normal on input line 23.
LaTeX Font Info:    No math alphabet change to frozen version normal on input line 23.
LaTeX Font Info:    No math alphabet change to frozen version normal on input line 25.
LaTeX Font Info:    No math alphabet change to frozen version normal on input line 26.
LaTeX Font Info:    No math alphabet change to frozen version normal on input line 28.
LaTeX Font Info:    No math alphabet change to frozen version normal on input line 29.
LaTeX Font Info:    No math alphabet change to frozen version normal on input line 30.
LaTeX Font Info:    No math alphabet change to frozen version normal on input line 31.
LaTeX Font Info:    No math alphabet change to frozen version normal on input line 33.
LaTeX Font Info:    Nested math: keeping math alphabet allocation in version normal on input line 37.
LaTeX Font Info:    Nested math: keeping math alphabet allocation in version normal on input line 37.
LaTeX Font Info:    Nested math: keeping math alphabet allocation in version normal on input line 37.
LaTeX Font Info:    Nested math: keeping math alphabet allocation in version normal on input line 37.
LaTeX Font Info:    Nested math: keeping math alphabet allocation in version normal on input line 37.
LaTeX Font Info:    Nested math: keeping math alphabet allocation in version normal on input line 37.
LaTeX Font Info:    Nested math: keeping math alphabet allocation in version normal on input line 37.
LaTeX Font Info:    Nested math: keeping math alphabet allocation in version normal on input line 37.
LaTeX Font Info:    Nested math: keeping math alphabet allocation in version normal on input line 37.
LaTeX Font Info:    Nested math: keeping math alphabet allocation in version normal on input line 37.
LaTeX Font Info:    Nested math: keeping math alphabet allocation in version normal on input line 37.
LaTeX Font Info:    Nested math: keeping math alphabet allocation in version normal on input line 37.
LaTeX Font Info:    Nested math: keeping math alphabet allocation in version normal on input line 37.
LaTeX Font Info:    No math alphabet change to frozen version normal on input line 37.
LaTeX Font Info:    No math alphabet change to frozen version normal on input line 38.
LaTeX Font Info:    No math alphabet change to frozen version normal on input line 41.
LaTeX Font Info:    No math alphabet change to frozen version normal on input line 44.
LaTeX Font Info:    No math alphabet change to frozen version normal on input line 45.
LaTeX Font Info:    No math alphabet change to frozen version normal on input line 46.
LaTeX Font Info:    No math alphabet change to frozen version normal on input line 47.
LaTeX Font Info:    No math alphabet change to frozen version normal on input line 49.
LaTeX Font Info:    No math alphabet change to frozen version normal on input line 51.
LaTeX Font Info:    No math alphabet change to frozen version normal on input line 52.
LaTeX Font Info:    No math alphabet change to frozen version normal on input line 52.
LaTeX Font Info:    No math alphabet change to frozen version normal on input line 58.
LaTeX Font Info:    No math alphabet change to frozen version normal on input line 61.
LaTeX Font Info:    No math alphabet change to frozen version normal on input line 63.
LaTeX Font Info:    No math alphabet change to frozen version normal on input line 63.


Package fancyhdr Warning: \headheight is too small (12.0pt): 
(fancyhdr)                Make it at least 17.11104pt, for example:
(fancyhdr)                \setlength{\headheight}{17.11104pt}.
(fancyhdr)                You might also make \topmargin smaller:
(fancyhdr)                \addtolength{\topmargin}{-5.11104pt}.

[100]
LaTeX Font Info:    No math alphabet change to frozen version normal on input line 64.
LaTeX Font Info:    No math alphabet change to frozen version normal on input line 64.
LaTeX Font Info:    No math alphabet change to frozen version normal on input line 64.
LaTeX Font Info:    No math alphabet change to frozen version normal on input line 65.
LaTeX Font Info:    No math alphabet change to frozen version normal on input line 65.
LaTeX Font Info:    No math alphabet change to frozen version normal on input line 70.
LaTeX Font Info:    No math alphabet change to frozen version normal on input line 70.
LaTeX Font Info:    No math alphabet change to frozen version normal on input line 70.
LaTeX Font Info:    No math alphabet change to frozen version normal on input line 73.
LaTeX Font Info:    No math alphabet change to frozen version normal on input line 76.
LaTeX Font Info:    No math alphabet change to frozen version normal on input line 85.
LaTeX Font Info:    No math alphabet change to frozen version normal on input line 85.
LaTeX Font Info:    No math alphabet change to frozen version normal on input line 87.
LaTeX Font Info:    No math alphabet change to frozen version normal on input line 88.
LaTeX Font Info:    No math alphabet change to frozen version normal on input line 88.
LaTeX Font Info:    No math alphabet change to frozen version normal on input line 88.
LaTeX Font Info:    No math alphabet change to frozen version normal on input line 88.
LaTeX Font Info:    No math alphabet change to frozen version normal on input line 88.
LaTeX Font Info:    No math alphabet change to frozen version normal on input line 89.
LaTeX Font Info:    No math alphabet change to frozen version normal on input line 90.
LaTeX Font Info:    No math alphabet change to frozen version normal on input line 90.
LaTeX Font Info:    No math alphabet change to frozen version normal on input line 90.
LaTeX Font Info:    No math alphabet change to frozen version normal on input line 90.
LaTeX Font Info:    No math alphabet change to frozen version normal on input line 90.
LaTeX Font Info:    No math alphabet change to frozen version normal on input line 90.
LaTeX Font Info:    No math alphabet change to frozen version normal on input line 91.
LaTeX Font Info:    No math alphabet change to frozen version normal on input line 92.
LaTeX Font Info:    No math alphabet change to frozen version normal on input line 92.
LaTeX Font Info:    No math alphabet change to frozen version normal on input line 94.
LaTeX Font Info:    No math alphabet change to frozen version normal on input line 95.
LaTeX Font Info:    No math alphabet change to frozen version normal on input line 97.
LaTeX Font Info:    No math alphabet change to frozen version normal on input line 97.
LaTeX Font Info:    No math alphabet change to frozen version normal on input line 97.
LaTeX Font Info:    No math alphabet change to frozen version normal on input line 97.
LaTeX Font Info:    No math alphabet change to frozen version normal on input line 99.
LaTeX Font Info:    No math alphabet change to frozen version normal on input line 99.
LaTeX Font Info:    No math alphabet change to frozen version normal on input line 99.
LaTeX Font Info:    No math alphabet change to frozen version normal on input line 99.
LaTeX Font Info:    No math alphabet change to frozen version normal on input line 99.
LaTeX Font Info:    No math alphabet change to frozen version normal on input line 99.
LaTeX Font Info:    No math alphabet change to frozen version normal on input line 103.
LaTeX Font Info:    No math alphabet change to frozen version normal on input line 106.
LaTeX Font Info:    No math alphabet change to frozen version normal on input line 107.
LaTeX Font Info:    No math alphabet change to frozen version normal on input line 107.
LaTeX Font Info:    No math alphabet change to frozen version normal on input line 110.
LaTeX Font Info:    No math alphabet change to frozen version normal on input line 113.
LaTeX Font Info:    No math alphabet change to frozen version normal on input line 113.
LaTeX Font Info:    No math alphabet change to frozen version normal on input line 113.
LaTeX Font Info:    No math alphabet change to frozen version normal on input line 113.


Package fancyhdr Warning: \headheight is too small (12.0pt): 
(fancyhdr)                Make it at least 17.11104pt, for example:
(fancyhdr)                \setlength{\headheight}{17.11104pt}.
(fancyhdr)                You might also make \topmargin smaller:
(fancyhdr)                \addtolength{\topmargin}{-5.11104pt}.

[101]
LaTeX Font Info:    No math alphabet change to frozen version normal on input line 116.
LaTeX Font Info:    No math alphabet change to frozen version normal on input line 117.
LaTeX Font Info:    No math alphabet change to frozen version normal on input line 117.
LaTeX Font Info:    No math alphabet change to frozen version normal on input line 121.

pdfTeX warning (ext4): destination with the same identifier (name{subsection.0.2}) has been already used, duplicate ignored
<to be read again> 
                   \relax 
l.126 ...ial Scenario Analysis and Stress Testing}
                                                  
LaTeX Font Info:    No math alphabet change to frozen version normal on input line 132.
LaTeX Font Info:    No math alphabet change to frozen version normal on input line 132.
LaTeX Font Info:    No math alphabet change to frozen version normal on input line 132.
LaTeX Font Info:    No math alphabet change to frozen version normal on input line 132.
LaTeX Font Info:    No math alphabet change to frozen version normal on input line 132.
LaTeX Font Info:    Nested math: keeping math alphabet allocation in version normal on input line 137.
LaTeX Font Info:    Nested math: keeping math alphabet allocation in version normal on input line 137.
LaTeX Font Info:    Nested math: keeping math alphabet allocation in version normal on input line 137.
LaTeX Font Info:    No math alphabet change to frozen version normal on input line 138.
LaTeX Font Info:    No math alphabet change to frozen version normal on input line 144.
LaTeX Font Info:    No math alphabet change to frozen version normal on input line 147.
LaTeX Font Info:    No math alphabet change to frozen version normal on input line 147.
LaTeX Font Info:    No math alphabet change to frozen version normal on input line 149.
LaTeX Font Info:    No math alphabet change to frozen version normal on input line 152.
LaTeX Font Info:    No math alphabet change to frozen version normal on input line 153.
LaTeX Font Info:    No math alphabet change to frozen version normal on input line 154.
LaTeX Font Info:    No math alphabet change to frozen version normal on input line 155.


Package fancyhdr Warning: \headheight is too small (12.0pt): 
(fancyhdr)                Make it at least 17.11104pt, for example:
(fancyhdr)                \setlength{\headheight}{17.11104pt}.
(fancyhdr)                You might also make \topmargin smaller:
(fancyhdr)                \addtolength{\topmargin}{-5.11104pt}.

[102]
LaTeX Font Info:    No math alphabet change to frozen version normal on input line 156.
LaTeX Font Info:    No math alphabet change to frozen version normal on input line 158.
LaTeX Font Info:    Nested math: keeping math alphabet allocation in version normal on input line 162.
LaTeX Font Info:    Nested math: keeping math alphabet allocation in version normal on input line 162.
LaTeX Font Info:    Nested math: keeping math alphabet allocation in version normal on input line 162.
LaTeX Font Info:    Nested math: keeping math alphabet allocation in version normal on input line 162.
LaTeX Font Info:    Nested math: keeping math alphabet allocation in version normal on input line 162.
LaTeX Font Info:    Nested math: keeping math alphabet allocation in version normal on input line 162.
LaTeX Font Info:    Nested math: keeping math alphabet allocation in version normal on input line 162.
LaTeX Font Info:    Nested math: keeping math alphabet allocation in version normal on input line 162.
LaTeX Font Info:    Nested math: keeping math alphabet allocation in version normal on input line 162.
LaTeX Font Info:    Nested math: keeping math alphabet allocation in version normal on input line 162.
LaTeX Font Info:    Nested math: keeping math alphabet allocation in version normal on input line 162.
LaTeX Font Info:    No math alphabet change to frozen version normal on input line 162.
LaTeX Font Info:    No math alphabet change to frozen version normal on input line 165.
LaTeX Font Info:    No math alphabet change to frozen version normal on input line 166.
LaTeX Font Info:    No math alphabet change to frozen version normal on input line 167.
LaTeX Font Info:    No math alphabet change to frozen version normal on input line 168.
LaTeX Font Info:    No math alphabet change to frozen version normal on input line 170.
LaTeX Font Info:    No math alphabet change to frozen version normal on input line 172.
LaTeX Font Info:    No math alphabet change to frozen version normal on input line 173.
LaTeX Font Info:    No math alphabet change to frozen version normal on input line 173.
LaTeX Font Info:    No math alphabet change to frozen version normal on input line 179.
LaTeX Font Info:    No math alphabet change to frozen version normal on input line 182.
LaTeX Font Info:    No math alphabet change to frozen version normal on input line 184.
LaTeX Font Info:    No math alphabet change to frozen version normal on input line 184.
LaTeX Font Info:    No math alphabet change to frozen version normal on input line 185.
LaTeX Font Info:    No math alphabet change to frozen version normal on input line 185.
LaTeX Font Info:    No math alphabet change to frozen version normal on input line 185.
LaTeX Font Info:    No math alphabet change to frozen version normal on input line 186.
LaTeX Font Info:    No math alphabet change to frozen version normal on input line 186.
LaTeX Font Info:    No math alphabet change to frozen version normal on input line 188.
LaTeX Font Info:    No math alphabet change to frozen version normal on input line 188.
LaTeX Font Info:    No math alphabet change to frozen version normal on input line 188.
LaTeX Font Info:    No math alphabet change to frozen version normal on input line 194.
LaTeX Font Info:    No math alphabet change to frozen version normal on input line 198.
LaTeX Font Info:    No math alphabet change to frozen version normal on input line 198.
LaTeX Font Info:    No math alphabet change to frozen version normal on input line 201.
LaTeX Font Info:    No math alphabet change to frozen version normal on input line 202.
LaTeX Font Info:    No math alphabet change to frozen version normal on input line 202.
LaTeX Font Info:    No math alphabet change to frozen version normal on input line 202.
LaTeX Font Info:    No math alphabet change to frozen version normal on input line 202.
LaTeX Font Info:    No math alphabet change to frozen version normal on input line 202.
LaTeX Font Info:    No math alphabet change to frozen version normal on input line 202.
LaTeX Font Info:    No math alphabet change to frozen version normal on input line 202.
LaTeX Font Info:    No math alphabet change to frozen version normal on input line 202.
LaTeX Font Info:    No math alphabet change to frozen version normal on input line 203.
LaTeX Font Info:    No math alphabet change to frozen version normal on input line 204.
LaTeX Font Info:    No math alphabet change to frozen version normal on input line 204.
LaTeX Font Info:    No math alphabet change to frozen version normal on input line 204.
LaTeX Font Info:    No math alphabet change to frozen version normal on input line 204.
LaTeX Font Info:    No math alphabet change to frozen version normal on input line 205.
LaTeX Font Info:    No math alphabet change to frozen version normal on input line 206.
LaTeX Font Info:    No math alphabet change to frozen version normal on input line 206.
LaTeX Font Info:    No math alphabet change to frozen version normal on input line 206.
LaTeX Font Info:    No math alphabet change to frozen version normal on input line 206.
LaTeX Font Info:    No math alphabet change to frozen version normal on input line 206.


Package fancyhdr Warning: \headheight is too small (12.0pt): 
(fancyhdr)                Make it at least 17.11104pt, for example:
(fancyhdr)                \setlength{\headheight}{17.11104pt}.
(fancyhdr)                You might also make \topmargin smaller:
(fancyhdr)                \addtolength{\topmargin}{-5.11104pt}.

[103]
LaTeX Font Info:    No math alphabet change to frozen version normal on input line 207.
LaTeX Font Info:    No math alphabet change to frozen version normal on input line 208.
LaTeX Font Info:    No math alphabet change to frozen version normal on input line 208.
LaTeX Font Info:    No math alphabet change to frozen version normal on input line 208.
LaTeX Font Info:    No math alphabet change to frozen version normal on input line 208.
LaTeX Font Info:    No math alphabet change to frozen version normal on input line 214.
LaTeX Font Info:    No math alphabet change to frozen version normal on input line 216.
LaTeX Font Info:    No math alphabet change to frozen version normal on input line 216.
LaTeX Font Info:    No math alphabet change to frozen version normal on input line 216.
LaTeX Font Info:    No math alphabet change to frozen version normal on input line 216.
LaTeX Font Info:    No math alphabet change to frozen version normal on input line 220.
LaTeX Font Info:    No math alphabet change to frozen version normal on input line 223.
LaTeX Font Info:    No math alphabet change to frozen version normal on input line 224.
LaTeX Font Info:    No math alphabet change to frozen version normal on input line 224.
LaTeX Font Info:    No math alphabet change to frozen version normal on input line 227.
LaTeX Font Info:    Nested math: keeping math alphabet allocation in version normal on input line 234.
LaTeX Font Info:    Nested math: keeping math alphabet allocation in version normal on input line 234.
LaTeX Font Info:    Nested math: keeping math alphabet allocation in version normal on input line 234.
LaTeX Font Info:    Nested math: keeping math alphabet allocation in version normal on input line 234.
LaTeX Font Info:    Nested math: keeping math alphabet allocation in version normal on input line 234.
LaTeX Font Info:    Nested math: keeping math alphabet allocation in version normal on input line 234.
LaTeX Font Info:    Nested math: keeping math alphabet allocation in version normal on input line 234.
LaTeX Font Info:    Nested math: keeping math alphabet allocation in version normal on input line 234.
LaTeX Font Info:    Nested math: keeping math alphabet allocation in version normal on input line 234.
LaTeX Font Info:    Nested math: keeping math alphabet allocation in version normal on input line 234.
LaTeX Font Info:    No math alphabet change to frozen version normal on input line 234.
LaTeX Font Info:    No math alphabet change to frozen version normal on input line 235.
LaTeX Font Info:    No math alphabet change to frozen version normal on input line 235.
LaTeX Font Info:    No math alphabet change to frozen version normal on input line 235.
LaTeX Font Info:    No math alphabet change to frozen version normal on input line 235.
LaTeX Font Info:    No math alphabet change to frozen version normal on input line 238.
LaTeX Font Info:    No math alphabet change to frozen version normal on input line 239.
LaTeX Font Info:    No math alphabet change to frozen version normal on input line 243.
LaTeX Font Info:    No math alphabet change to frozen version normal on input line 250.
)

Package fancyhdr Warning: \headheight is too small (12.0pt): 
(fancyhdr)                Make it at least 17.11104pt, for example:
(fancyhdr)                \setlength{\headheight}{17.11104pt}.
(fancyhdr)                You might also make \topmargin smaller:
(fancyhdr)                \addtolength{\topmargin}{-5.11104pt}.

[104] (./ETSAppendix.tex
pdfTeX warning (ext4): destination with the same identifier (name{subsection.0.1}) has been already used, duplicate ignored
<to be read again> 
                   \relax 
l.6 ...plicit and Tacit Knowledge in Epistemology}
                                                  
pdfTeX warning (ext4): destination with the same identifier (name{subsection.0.2}) has been already used, duplicate ignored
<to be read again> 
                   \relax 
l.14 ...icit and Tacit Knowledge in Organisations}
                                                  

Package fancyhdr Warning: \headheight is too small (12.0pt): 
(fancyhdr)                Make it at least 17.11104pt, for example:
(fancyhdr)                \setlength{\headheight}{17.11104pt}.
(fancyhdr)                You might also make \topmargin smaller:
(fancyhdr)                \addtolength{\topmargin}{-5.11104pt}.

[105]
pdfTeX warning (ext4): destination with the same identifier (name{subsection.0.3}) has been already used, duplicate ignored
<to be read again> 
                   \relax 
l.36 ...asuring and Externalising Tacit Knowledge}
                                                  
pdfTeX warning (ext4): destination with the same identifier (name{subsection.0.4}) has been already used, duplicate ignored
<to be read again> 
                   \relax 
l.41 ...cit Space in Explicit-Correctness Regimes}
                                                  
LaTeX Font Info:    No math alphabet change to frozen version normal on input line 53.

pdfTeX warning (ext4): destination with the same identifier (name{subsection.0.5}) has been already used, duplicate ignored
<to be read again> 
                   \relax 
l.74 ...tion{Human Oversight in AI Law and Policy}
                                                  

Package fancyhdr Warning: \headheight is too small (12.0pt): 
(fancyhdr)                Make it at least 17.11104pt, for example:
(fancyhdr)                \setlength{\headheight}{17.11104pt}.
(fancyhdr)                You might also make \topmargin smaller:
(fancyhdr)                \addtolength{\topmargin}{-5.11104pt}.

[106]
pdfTeX warning (ext4): destination with the same identifier (name{subsection.0.6}) has been already used, duplicate ignored
<to be read again> 
                   \relax 
l.82 ...uman--AI Interaction and Decision Support}
                                                  
pdfTeX warning (ext4): destination with the same identifier (name{subsection.0.7}) has been already used, duplicate ignored
<to be read again> 
                   \relax 
l.97 \subsection{Summary}
                         

Package fancyhdr Warning: \headheight is too small (12.0pt): 
(fancyhdr)                Make it at least 17.11104pt, for example:
(fancyhdr)                \setlength{\headheight}{17.11104pt}.
(fancyhdr)                You might also make \topmargin smaller:
(fancyhdr)                \addtolength{\topmargin}{-5.11104pt}.

[107]
pdfTeX warning (ext4): destination with the same identifier (name{paragraph.0.7.0.1}) has been already used, duplicate ignored
<to be read again> 
                   \relax 
l.102 ...s in the manuscript preparation process}}
                                                  ) (./frfp-references.tex

Package fancyhdr Warning: \headheight is too small (12.0pt): 
(fancyhdr)                Make it at least 17.11104pt, for example:
(fancyhdr)                \setlength{\headheight}{17.11104pt}.
(fancyhdr)                You might also make \topmargin smaller:
(fancyhdr)                \addtolength{\topmargin}{-5.11104pt}.

[108]

Package fancyhdr Warning: \headheight is too small (12.0pt): 
(fancyhdr)                Make it at least 17.11104pt, for example:
(fancyhdr)                \setlength{\headheight}{17.11104pt}.
(fancyhdr)                You might also make \topmargin smaller:
(fancyhdr)                \addtolength{\topmargin}{-5.11104pt}.

[109])

Package natbib Warning: There were undefined citations.


Package fancyhdr Warning: \headheight is too small (12.0pt): 
(fancyhdr)                Make it at least 17.11104pt, for example:
(fancyhdr)                \setlength{\headheight}{17.11104pt}.
(fancyhdr)                You might also make \topmargin smaller:
(fancyhdr)                \addtolength{\topmargin}{-5.11104pt}.

[110] 
enddocument/afterlastpage (AED): lastpage setting LastPage.
(./template.aux)
 ***********
LaTeX2e <2025-11-01>
L3 programming layer <2026-03-20>
 ***********


LaTeX Font Warning: Size substitutions with differences
(Font)              up to 0.43996pt have occurred.


LaTeX Font Warning: Some font shapes were not available, defaults substituted.


LaTeX Warning: There were multiply-defined labels.

Package rerunfilecheck Info: File `template.out' has not changed.
(rerunfilecheck)             Checksum: 2FBC5A0FDCA427DC7F6DE8BF022FF571;48591.
 ) 
Here is how much of TeX's memory you used:
 37228 strings out of 469339
 706192 string characters out of 5466150
 1169830 words of memory out of 5000000
 64119 multiletter control sequences out of 15000+600000
 785469 words of font info for 408 fonts, out of 8000000 for 9000
 14 hyphenation exceptions out of 8191
 123i,13n,121p,5041b,912s stack positions out of 10000i,1000n,20000p,200000b,200000s
</home/vnadendla/.TinyTeX/texmf-dist/fonts/type1/public/amsfonts/cm/cmr10.pfb></home/vnadendla/.TinyTeX/texmf-dist/fonts/type1/public/mathpazo/fplmr.pfb></home/vnadendla/.TinyTeX/texmf-dist/fonts/type1/public/lm/lmbsy7.pfb></home/vnadendla/.TinyTeX/texmf-dist/fonts/type1/public/lm/lmbx10.pfb></home/vnadendla/.TinyTeX/texmf-dist/fonts/type1/public/lm/lmbx12.pfb></home/vnadendla/.TinyTeX/texmf-dist/fonts/type1/public/lm/lmbx8.pfb></home/vnadendla/.TinyTeX/texmf-dist/fonts/type1/public/lm/lmbx9.pfb></home/vnadendla/.TinyTeX/texmf-dist/fonts/type1/public/lm/lmex10.pfb></home/vnadendla/.TinyTeX/texmf-dist/fonts/type1/public/lm/lmmi10.pfb></home/vnadendla/.TinyTeX/texmf-dist/fonts/type1/public/lm/lmmi6.pfb></home/vnadendla/.TinyTeX/texmf-dist/fonts/type1/public/lm/lmmi8.pfb></home/vnadendla/.TinyTeX/texmf-dist/fonts/type1/public/lm/lmr10.pfb></home/vnadendla/.TinyTeX/texmf-dist/fonts/type1/public/lm/lmr6.pfb></home/vnadendla/.TinyTeX/texmf-dist/fonts/type1/public/lm/lmr8.pfb></home/vnadendla/.TinyTeX/texmf-dist/fonts/type1/public/lm/lmr9.pfb></home/vnadendla/.TinyTeX/texmf-dist/fonts/type1/public/lm/lmri10.pfb></home/vnadendla/.TinyTeX/texmf-dist/fonts/type1/public/lm/lmri9.pfb></home/vnadendla/.TinyTeX/texmf-dist/fonts/type1/public/lm/lmss10.pfb></home/vnadendla/.TinyTeX/texmf-dist/fonts/type1/public/lm/lmsy10.pfb></home/vnadendla/.TinyTeX/texmf-dist/fonts/type1/public/lm/lmsy6.pfb></home/vnadendla/.TinyTeX/texmf-dist/fonts/type1/public/lm/lmsy8.pfb></home/vnadendla/.TinyTeX/texmf-dist/fonts/type1/public/lm/lmtt10.pfb></home/vnadendla/.TinyTeX/texmf-dist/fonts/type1/public/lm/lmtt9.pfb></home/vnadendla/.TinyTeX/texmf-dist/fonts/type1/public/amsfonts/symbols/msam10.pfb></home/vnadendla/.TinyTeX/texmf-dist/fonts/type1/public/amsfonts/symbols/msbm10.pfb></home/vnadendla/.TinyTeX/texmf-dist/fonts/type1/public/stmaryrd/stmary10.pfb></home/vnadendla/.TinyTeX/texmf-dist/fonts/type1/urw/palatino/uplr8a.pfb>
Output written on template.pdf (110 pages, 933548 bytes).
PDF statistics:
 2374 PDF objects out of 2487 (max. 8388607)
 2178 compressed objects within 22 object streams
 734 named destinations out of 1000 (max. 500000)
 84618 words of extra memory for PDF output out of 89155 (max. 10000000)

